ExcitementLongTerm,ExcitementShortTerm,Engagement/Boredom,Frustration,Meditation,ES_Timestamp,Timestamp
0.0,0.0,0.0,0.0,0.0,0.031276878,1378158815755
0.0,0.0,0.0,0.0,0.0,0.25021502,1378158815961
0.0,0.0,0.0,0.0,0.0,0.40659943,1378158816122
8.155555406119674E-5,0.004893333185464144,0.6369876265525818,0.0,0.30000001192092896,0.5082493,1378158816220
8.155555406119674E-5,0.004893333185464144,0.6369876265525818,0.0,0.30000001192092896,0.5629838,1378158816291
8.155555406119674E-5,0.004893333185464144,0.6369876265525818,0.0,0.30000001192092896,0.6255376,1378158816334
8.155555406119674E-5,0.004893333185464144,0.6369876265525818,0.0,0.30000001192092896,0.7506451,1378158816464
8.155555406119674E-5,0.004893333185464144,0.6369876265525818,0.0,0.30000001192092896,0.8757526,1378158816584
2.195086271967739E-4,0.008317962288856506,0.7164987921714783,0.0,0.27000001072883606,1.0008601,1378158816710
2.195086271967739E-4,0.008317962288856506,0.7164987921714783,0.0,0.27000001072883606,1.032137,1378158816749
4.1554271592758596E-4,0.011872137896716595,0.7438859343528748,0.0,0.25966668128967285,1.5012902,1378158817211
4.1554271592758596E-4,0.011872137896716595,0.7438859343528748,0.0,0.25966668128967285,1.532567,1378158817244
4.1554271592758596E-4,0.011872137896716595,0.7438859343528748,0.0,0.25966668128967285,1.7515053,1378158817460
4.1554271592758596E-4,0.011872137896716595,0.7438859343528748,0.0,0.25966668128967285,1.8766128,1378158817590
4.1554271592758596E-4,0.011872137896716595,0.7438859343528748,0.0,0.25966668128967285,1.9704434,1378158817678
6.831844220869243E-4,0.016267532482743263,0.7243615388870239,0.0,0.26703333854675293,2.0017202,1378158817711
6.831844220869243E-4,0.016267532482743263,0.7243615388870239,0.0,0.26703333854675293,2.0329971,1378158817742
6.831844220869243E-4,0.016267532482743263,0.7243615388870239,0.0,0.26703333854675293,2.1268277,1378158817836
6.831844220869243E-4,0.016267532482743263,0.7243615388870239,0.0,0.26703333854675293,2.2519352,1378158817961
6.831844220869243E-4,0.016267532482743263,0.7243615388870239,0.0,0.26703333854675293,2.3770428,1378158818085
0.0010775899281725287,0.024008920416235924,0.7067895531654358,0.0,0.27366334199905396,2.5021503,1378158818211
0.0010775899281725287,0.024008920416235924,0.7067895531654358,0.0,0.27366334199905396,2.5334272,1378158818242
0.0010775899281725287,0.024008920416235924,0.7067895531654358,0.0,0.27366334199905396,2.6272578,1378158818336
0.0010775899281725287,0.024008920416235924,0.7067895531654358,0.0,0.27366334199905396,2.7523654,1378158818461
0.0010775899281725287,0.024008920416235924,0.7067895531654358,0.0,0.27366334199905396,2.8774729,1378158818586
0.0015465107280761003,0.02867991104722023,0.6909748315811157,0.0,0.2796303331851959,3.0025804,1378158818713
0.0015465107280761003,0.02867991104722023,0.6909748315811157,0.0,0.2796303331851959,3.0338573,1378158818743
0.0015465107280761003,0.02867991104722023,0.6909748315811157,0.0,0.2796303331851959,3.127688,1378158818839
0.0015465107280761003,0.02867991104722023,0.6909748315811157,0.0,0.2796303331851959,3.2527955,1378158818963
0.0015465107280761003,0.02867991104722023,0.6909748315811157,0.0,0.2796303331851959,3.377903,1378158819087
0.0022573659662157297,0.04343496635556221,0.6767415404319763,0.0,0.28500062227249146,3.5030105,1378158819216
0.0022573659662157297,0.04343496635556221,0.6767415404319763,0.0,0.28500062227249146,3.5342872,1378158819242
0.0022573659662157297,0.04343496635556221,0.6767415404319763,0.0,0.28500062227249146,3.8783329,1378158819586
0.0030754117760807276,0.05022837966680527,0.6639315485954285,0.0,0.2898339033126831,4.0034404,1378158819713
0.0030754117760807276,0.05022837966680527,0.6639315485954285,0.0,0.2898339033126831,4.0347176,1378158819743
0.0030754117760807276,0.05022837966680527,0.6639315485954285,0.0,0.2898339033126831,4.128548,1378158819838
0.0030754117760807276,0.05022837966680527,0.6639315485954285,0.0,0.2898339033126831,4.2536554,1378158819963
0.0030754117760807276,0.05022837966680527,0.6639315485954285,0.0,0.2898339033126831,4.378763,1378158820087
0.004211345687508583,0.06972024589776993,0.6524026393890381,0.0,0.2941838502883911,4.5038705,1378158820214
0.004211345687508583,0.06972024589776993,0.6524026393890381,0.0,0.2941838502883911,4.535147,1378158820244
0.004211345687508583,0.06972024589776993,0.6524026393890381,0.0,0.2941838502883911,4.6289783,1378158820339
0.004211345687508583,0.06972024589776993,0.6524026393890381,0.0,0.2941838502883911,4.7540855,1378158820463
0.004211345687508583,0.06972024589776993,0.6524026393890381,0.0,0.2941838502883911,4.8791933,1378158820588
0.005820142105221748,0.09867294132709503,0.6420265436172485,0.0,0.2980988025665283,5.0043006,1378158820713
0.005820142105221748,0.09867294132709503,0.6420265436172485,0.0,0.2980988025665283,5.0355773,1378158820744
0.005820142105221748,0.09867294132709503,0.6420265436172485,0.0,0.2980988025665283,5.129408,1378158820837
0.005820142105221748,0.09867294132709503,0.6420265436172485,0.0,0.2980988025665283,5.2545156,1378158820964
0.005820142105221748,0.09867294132709503,0.6420265436172485,0.0,0.2980988025665283,5.379623,1378158821089
0.007953420281410217,0.13096418976783752,0.6326881051063538,0.0,0.3016222417354584,5.5047307,1378158821214
0.007953420281410217,0.13096418976783752,0.6326881051063538,0.0,0.3016222417354584,5.5360074,1378158821246
0.007953420281410217,0.13096418976783752,0.6326881051063538,0.0,0.3016222417354584,5.629838,1378158821339
0.007953420281410217,0.13096418976783752,0.6326881051063538,0.0,0.3016222417354584,5.7549458,1378158821464
0.007953420281410217,0.13096418976783752,0.6326881051063538,0.0,0.3016222417354584,5.880053,1378158821613
0.010418363846838474,0.15195545554161072,0.624283492565155,0.0,0.3047933578491211,6.005161,1378158821721
0.010418363846838474,0.15195545554161072,0.624283492565155,0.0,0.3047933578491211,6.0364375,1378158821747
0.01316988468170166,0.17041625082492828,0.6167193055152893,0.0,0.30764734745025635,6.505591,1378158822215
0.01316988468170166,0.17041625082492828,0.6167193055152893,0.0,0.30764734745025635,6.5368676,1378158822246
0.01316988468170166,0.17041625082492828,0.6167193055152893,0.0,0.30764734745025635,6.630698,1378158822339
0.01316988468170166,0.17041625082492828,0.6167193055152893,0.0,0.30764734745025635,6.755806,1378158822466
0.01316988468170166,0.17041625082492828,0.6167193055152893,0.0,0.30764734745025635,6.8809133,1378158822590
0.01645571179687977,0.20389510691165924,0.6099116206169128,0.0,0.31021595001220703,7.006021,1378158822715
0.01645571179687977,0.20389510691165924,0.6099116206169128,0.0,0.31021595001220703,7.0372977,1378158822745
0.020109863951802254,0.22769328951835632,0.6037846207618713,0.0,0.31252768635749817,7.506451,1378158823216
0.020109863951802254,0.22769328951835632,0.6037846207618713,0.0,0.31252768635749817,7.537728,1378158823246
0.024308685213327408,0.26227113604545593,0.5982703566551208,0.5727053880691528,0.31460824608802795,8.006881,1378158823718
0.024308685213327408,0.26227113604545593,0.5982703566551208,0.5727053880691528,0.31460824608802795,8.038157,1378158823746
0.024308685213327408,0.26227113604545593,0.5982703566551208,0.5727053880691528,0.31460824608802795,8.382203,1378158824091
0.028873486444354057,0.28641587495803833,0.5933075547218323,0.6299196481704712,0.31648075580596924,8.507311,1378158824221
0.028873486444354057,0.28641587495803833,0.5933075547218323,0.6299196481704712,0.31648075580596924,8.538588,1378158824247
0.028873486444354057,0.28641587495803833,0.5933075547218323,0.6299196481704712,0.31648075580596924,8.648057,1378158824356
0.028873486444354057,0.28641587495803833,0.5933075547218323,0.6299196481704712,0.31648075580596924,8.679334,1378158824388
0.028873486444354057,0.28641587495803833,0.5933075547218323,0.6299196481704712,0.31648075580596924,8.773165,1378158824483
0.028873486444354057,0.28641587495803833,0.5933075547218323,0.6299196481704712,0.31648075580596924,8.898272,1378158824608
0.033490896224975586,0.2919580638408661,0.5888409614562988,0.6969410181045532,0.31816601753234863,9.023379,1378158824735
0.033490896224975586,0.2919580638408661,0.5888409614562988,0.6969410181045532,0.31816601753234863,9.054656,1378158824764
0.033490896224975586,0.2919580638408661,0.5888409614562988,0.6969410181045532,0.31816601753234863,9.148487,1378158824857
0.033490896224975586,0.2919580638408661,0.5888409614562988,0.6969410181045532,0.31816601753234863,9.273595,1378158824983
0.033490896224975586,0.2919580638408661,0.5888409614562988,0.6969410181045532,0.31816601753234863,9.398702,1378158825108
0.038101695477962494,0.29399573802948,0.5848210453987122,0.7522398829460144,0.3196827471256256,9.523809,1378158825236
0.038101695477962494,0.29399573802948,0.5848210453987122,0.7522398829460144,0.3196827471256256,9.555086,1378158825264
0.038101695477962494,0.29399573802948,0.5848210453987122,0.7522398829460144,0.3196827471256256,9.648917,1378158825357
0.038101695477962494,0.29399573802948,0.5848210453987122,0.7522398829460144,0.3196827471256256,9.774025,1378158825482
0.04280620068311691,0.30206745862960815,0.5812031626701355,0.7845351696014404,0.3210478127002716,10.02424,1378158825736
0.04280620068311691,0.30206745862960815,0.5812031626701355,0.7845351696014404,0.3210478127002716,10.055516,1378158825765
0.04280620068311691,0.30206745862960815,0.5812031626701355,0.7845351696014404,0.3210478127002716,10.430839,1378158826138
0.04733285680413246,0.29391342401504517,0.5779470205307007,0.862642228603363,0.32227635383605957,10.52467,1378158826236
0.04733285680413246,0.29391342401504517,0.5779470205307007,0.862642228603363,0.32227635383605957,10.555946,1378158826264
0.04733285680413246,0.29391342401504517,0.5779470205307007,0.862642228603363,0.32227635383605957,10.587223,1378158826297
0.04733285680413246,0.29391342401504517,0.5779470205307007,0.862642228603363,0.32227635383605957,10.649777,1378158826358
0.04733285680413246,0.29391342401504517,0.5779470205307007,0.862642228603363,0.32227635383605957,10.774885,1378158826485
0.04733285680413246,0.29391342401504517,0.5779470205307007,0.862642228603363,0.32227635383605957,10.899992,1378158826609
0.05162851884961128,0.2825038433074951,0.5750165581703186,0.860952615737915,0.32338204979896545,11.0251,1378158826740
0.05162851884961128,0.2825038433074951,0.5750165581703186,0.860952615737915,0.32338204979896545,11.056376,1378158826767
0.05162851884961128,0.2825038433074951,0.5750165581703186,0.860952615737915,0.32338204979896545,11.1502075,1378158826860
0.05581013113260269,0.27801454067230225,0.5723790526390076,0.8526731729507446,0.324377179145813,11.52553,1378158827237
0.05581013113260269,0.27801454067230225,0.5723790526390076,0.8526731729507446,0.324377179145813,11.556807,1378158827265
0.06006313115358353,0.2846146821975708,0.5700053572654724,0.8363248109817505,0.325272798538208,12.02596,1378158827738
0.06006313115358353,0.2846146821975708,0.5700053572654724,0.8363248109817505,0.325272798538208,12.057237,1378158827766
0.06433228403329849,0.28795501589775085,0.5678690075874329,0.8003802299499512,0.326078861951828,12.52639,1378158828238
0.06433228403329849,0.28795501589775085,0.5678690075874329,0.8003802299499512,0.326078861951828,12.557667,1378158828266
0.06830204278230667,0.2723925709724426,0.5659463405609131,0.7847963571548462,0.3268043100833893,13.02682,1378158828738
0.06830204278230667,0.2723925709724426,0.5659463405609131,0.7847963571548462,0.3268043100833893,13.058097,1378158828766
0.07199721783399582,0.25818541646003723,0.564215898513794,0.7774462103843689,0.3274572193622589,13.52725,1378158829242
0.07199721783399582,0.25818541646003723,0.564215898513794,0.7774462103843689,0.3274572193622589,13.558527,1378158829266
0.07532356679439545,0.23820964992046356,0.5626584887504578,0.7724979519844055,0.3280448317527771,14.02768,1378158829739
0.07532356679439545,0.23820964992046356,0.5626584887504578,0.7724979519844055,0.3280448317527771,14.058957,1378158829771
0.07843197882175446,0.2271175980567932,0.5612568259239197,0.7677556276321411,0.32857367396354675,14.5281105,1378158830240
0.07843197882175446,0.2271175980567932,0.5612568259239197,0.7677556276321411,0.32857367396354675,14.559387,1378158830268
0.08149199187755585,0.2261052429676056,0.5599953532218933,0.7563470602035522,0.32904964685440063,15.028541,1378158830740
0.08149199187755585,0.2261052429676056,0.5599953532218933,0.7563470602035522,0.32904964685440063,15.059817,1378158830770
0.08149199187755585,0.2261052429676056,0.5599953532218933,0.7563470602035522,0.32904964685440063,15.278755,1378158830988
0.08149199187755585,0.2261052429676056,0.5599953532218933,0.7563470602035522,0.32904964685440063,15.403863,1378158831113
0.08462490141391754,0.2323637306690216,0.5588600039482117,0.7438575029373169,0.329477995634079,15.528971,1378158831241
0.08462490141391754,0.2323637306690216,0.5588600039482117,0.7438575029373169,0.329477995634079,15.560247,1378158831269
0.08462490141391754,0.2323637306690216,0.5588600039482117,0.7438575029373169,0.329477995634079,15.591524,1378158831300
0.08462490141391754,0.2323637306690216,0.5588600039482117,0.7438575029373169,0.329477995634079,15.654078,1378158831363
0.08462490141391754,0.2323637306690216,0.5588600039482117,0.7438575029373169,0.329477995634079,15.747909,1378158831456
0.08462490141391754,0.2323637306690216,0.5588600039482117,0.7438575029373169,0.329477995634079,15.779185,1378158831488
0.08462490141391754,0.2323637306690216,0.5588600039482117,0.7438575029373169,0.329477995634079,15.904293,1378158831613
0.08790566772222519,0.24317237734794617,0.5578382015228271,0.7418628334999084,0.3298635482788086,16.0294,1378158831743
0.08790566772222519,0.24317237734794617,0.5578382015228271,0.7418628334999084,0.3298635482788086,16.060677,1378158831770
0.08790566772222519,0.24317237734794617,0.5578382015228271,0.7418628334999084,0.3298635482788086,16.154509,1378158831863
0.08790566772222519,0.24317237734794617,0.5578382015228271,0.7418628334999084,0.3298635482788086,16.279615,1378158831988
0.09113085269927979,0.2418631911277771,0.5569186210632324,0.7444567680358887,0.33021050691604614,16.52983,1378158832242
0.09113085269927979,0.2418631911277771,0.5569186210632324,0.7444567680358887,0.33021050691604614,16.561108,1378158832269
0.09430074691772461,0.24056145548820496,0.5560909509658813,0.741033673286438,0.3305228054523468,17.03026,1378158832743
0.09430074691772461,0.24056145548820496,0.5560909509658813,0.741033673286438,0.3305228054523468,17.061537,1378158832770
0.09774120151996613,0.2587995231151581,0.5553460121154785,0.7388105988502502,0.33080384135246277,17.530691,1378158833244
0.09774120151996613,0.2587995231151581,0.5553460121154785,0.7388105988502502,0.33080384135246277,17.561968,1378158833271
0.10133080929517746,0.2699061632156372,0.5546756386756897,0.7269080877304077,0.3310568034648895,18.03112,1378158833744
0.10133080929517746,0.2699061632156372,0.5546756386756897,0.7269080877304077,0.3310568034648895,18.062397,1378158833771
0.10497205704450607,0.27525267004966736,0.5540722608566284,0.7165656685829163,0.33128446340560913,18.531551,1378158834244
0.10497205704450607,0.27525267004966736,0.5540722608566284,0.7165656685829163,0.33128446340560913,18.562828,1378158834272
0.10497205704450607,0.27525267004966736,0.5540722608566284,0.7165656685829163,0.33128446340560913,18.656658,1378158834366
0.10497205704450607,0.27525267004966736,0.5540722608566284,0.7165656685829163,0.33128446340560913,18.891235,1378158834617
0.10921010375022888,0.3133547604084015,0.5535292625427246,0.7045643925666809,0.33148935437202454,19.016342,1378158834728
0.10921010375022888,0.3133547604084015,0.5535292625427246,0.7045643925666809,0.33148935437202454,19.047619,1378158834757
0.10921010375022888,0.3133547604084015,0.5535292625427246,0.7045643925666809,0.33148935437202454,19.141449,1378158834851
0.10921010375022888,0.3133547604084015,0.5535292625427246,0.7045643925666809,0.33148935437202454,19.391665,1378158835101
0.11564062535762787,0.4475155174732208,0.5530405044555664,0.6898951530456543,0.3316737413406372,19.516773,1378158835228
0.11564062535762787,0.4475155174732208,0.5530405044555664,0.6898951530456543,0.3316737413406372,19.54805,1378158835259
0.11564062535762787,0.4475155174732208,0.5530405044555664,0.6898951530456543,0.3316737413406372,19.64188,1378158835351
0.11564062535762787,0.4475155174732208,0.5530405044555664,0.6898951530456543,0.3316737413406372,19.766987,1378158835477
0.11564062535762787,0.4475155174732208,0.5530405044555664,0.6898951530456543,0.3316737413406372,19.892096,1378158835602
0.12203171849250793,0.44887882471084595,0.5526006817817688,0.6737848520278931,0.3318397104740143,20.017202,1378158835729
0.12203171849250793,0.44887882471084595,0.5526006817817688,0.6737848520278931,0.3318397104740143,20.04848,1378158835758
0.12891730666160583,0.4822872281074524,0.5522047877311707,0.6558966040611267,0.331989049911499,20.517632,1378158836230
0.12891730666160583,0.4822872281074524,0.5522047877311707,0.6558966040611267,0.331989049911499,20.54891,1378158836258
0.13559384644031525,0.4737670123577118,0.5518485307693481,0.6352460980415344,0.3321234881877899,21.018063,1378158836731
0.13559384644031525,0.4737670123577118,0.5518485307693481,0.6352460980415344,0.3321234881877899,21.04934,1378158836760
0.14186455309391022,0.4533595144748688,0.5515278577804565,0.6249603033065796,0.33224448561668396,21.518492,1378158837232
0.14186455309391022,0.4533595144748688,0.5515278577804565,0.6249603033065796,0.33224448561668396,21.54977,1378158837259
0.14186455309391022,0.4533595144748688,0.5515278577804565,0.6249603033065796,0.33224448561668396,21.6436,1378158837353
0.14186455309391022,0.4533595144748688,0.5515278577804565,0.6249603033065796,0.33224448561668396,21.799984,1378158837509
0.14819307625293732,0.4606122076511383,0.5512392520904541,0.6395503878593445,0.3323533535003662,22.018923,1378158837732
0.14819307625293732,0.4606122076511383,0.5512392520904541,0.6395503878593445,0.3323533535003662,22.0502,1378158837759
0.15490303933620453,0.48733487725257874,0.5509795546531677,0.6619341373443604,0.33245134353637695,22.519352,1378158838232
0.15490303933620453,0.48733487725257874,0.5509795546531677,0.6619341373443604,0.33245134353637695,22.550629,1378158838260
0.16191133856773376,0.5092957615852356,0.5507457852363586,0.6895636916160583,0.33253955841064453,23.019783,1378158838731
0.16191133856773376,0.5092957615852356,0.5507457852363586,0.6895636916160583,0.33253955841064453,23.05106,1378158838760
0.1688918024301529,0.5118716955184937,0.5505353808403015,0.6996611952781677,0.33261892199516296,23.520212,1378158839234
0.1688918024301529,0.5118716955184937,0.5505353808403015,0.6996611952781677,0.33261892199516296,23.551489,1378158839261
0.17533764243125916,0.4840564429759979,0.5503460764884949,0.6713882088661194,0.33269038796424866,24.020643,1378158839734
0.17533764243125916,0.4840564429759979,0.5503460764884949,0.6713882088661194,0.33269038796424866,24.05192,1378158839760
0.18151257932186127,0.47183653712272644,0.550175666809082,0.6521245241165161,0.3327546715736389,24.521072,1378158840235
0.18151257932186127,0.47183653712272644,0.550175666809082,0.6521245241165161,0.3327546715736389,24.55235,1378158840262
0.1871592402458191,0.44407373666763306,0.550022304058075,0.6279973983764648,0.3328125476837158,25.021503,1378158840734
0.1871592402458191,0.44407373666763306,0.550022304058075,0.6279973983764648,0.3328125476837158,25.05278,1378158840762
0.19248321652412415,0.42841219902038574,0.5498842597007751,0.6069350242614746,0.3328646123409271,25.521933,1378158841235
0.19248321652412415,0.42841219902038574,0.5498842597007751,0.6069350242614746,0.3328646123409271,25.55321,1378158841262
0.1975203901529312,0.4147777259349823,0.5497600436210632,0.5981602668762207,0.33291149139404297,26.022364,1378158841734
0.1975203901529312,0.4147777259349823,0.5497600436210632,0.5981602668762207,0.33291149139404297,26.05364,1378158841763
0.2022625058889389,0.40052521228790283,0.5496482253074646,0.5975823998451233,0.33295366168022156,26.522793,1378158842235
0.2022625058889389,0.40052521228790283,0.5496482253074646,0.5975823998451233,0.33295366168022156,26.55407,1378158842264
0.20663945376873016,0.3819548487663269,0.5495476126670837,0.5952145457267761,0.3329916298389435,27.023224,1378158842736
0.20663945376873016,0.3819548487663269,0.5495476126670837,0.5952145457267761,0.3329916298389435,27.0545,1378158842764
0.21060806512832642,0.3606414496898651,0.5494570136070251,0.5904337763786316,0.33302581310272217,27.523653,1378158843234
0.21060806512832642,0.3606414496898651,0.5494570136070251,0.5904337763786316,0.33302581310272217,27.55493,1378158843266
0.2143416553735733,0.3495387136936188,0.5493755340576172,0.582428514957428,0.33305656909942627,28.024084,1378158843738
0.2143416553735733,0.3495387136936188,0.5493755340576172,0.582428514957428,0.33305656909942627,28.05536,1378158843765
0.2178257256746292,0.33748501539230347,0.5493021607398987,0.5702930688858032,0.33308422565460205,28.524513,1378158844237
0.2178257256746292,0.33748501539230347,0.5493021607398987,0.5702930688858032,0.33308422565460205,28.55579,1378158844266
0.22166109085083008,0.3613744080066681,0.5492361783981323,0.558946967124939,0.33310914039611816,29.024944,1378158844738
0.22166109085083008,0.3613744080066681,0.5492361783981323,0.558946967124939,0.33310914039611816,29.056221,1378158844845
0.22540464997291565,0.35887715220451355,0.5491767525672913,0.5626053810119629,0.3331315517425537,29.541012,1378158845254
0.22540464997291565,0.35887715220451355,0.5491767525672913,0.5626053810119629,0.3331315517425537,29.572289,1378158845281
0.22914578020572662,0.36172324419021606,0.5491232872009277,0.565433144569397,0.3331517279148102,30.041443,1378158845754
0.22914578020572662,0.36172324419021606,0.5491232872009277,0.565433144569397,0.3331517279148102,30.07272,1378158845783
0.23277337849140167,0.35792335867881775,0.5490751266479492,0.5787965655326843,0.3331699073314667,30.541872,1378158846255
0.23277337849140167,0.35792335867881775,0.5490751266479492,0.5787965655326843,0.3331699073314667,30.573149,1378158846283
0.23657862842082977,0.3715643286705017,0.5490317940711975,0.5955364108085632,0.33318623900413513,31.042301,1378158846755
0.23657862842082977,0.3715643286705017,0.5490317940711975,0.5955364108085632,0.33318623900413513,31.07358,1378158846784
0.2402072250843048,0.3640657663345337,0.5489928126335144,0.6051628589630127,0.33320096135139465,31.542732,1378158847256
0.2402072250843048,0.3640657663345337,0.5489928126335144,0.6051628589630127,0.33320096135139465,31.574009,1378158847284
0.2434675097465515,0.3449980914592743,0.5489577651023865,0.6145991683006287,0.3332141935825348,32.043163,1378158847756
0.2434675097465515,0.3449980914592743,0.5489577651023865,0.6145991683006287,0.3332141935825348,32.07444,1378158847784
0.2434675097465515,0.3449980914592743,0.5489577651023865,0.6145991683006287,0.3332141935825348,32.324654,1378158848035
0.2434675097465515,0.3449980914592743,0.5489577651023865,0.6145991683006287,0.3332141935825348,32.481037,1378158848190
0.24661964178085327,0.3413837254047394,0.5489261746406555,0.635850727558136,0.33322611451148987,32.54359,1378158848257
0.24661964178085327,0.3413837254047394,0.5489261746406555,0.635850727558136,0.33322611451148987,32.57487,1378158848284
0.24939821660518646,0.3218129873275757,0.5488977432250977,0.6592558026313782,0.33323684334754944,33.0362,1378158848767
0.24939821660518646,0.3218129873275757,0.5488977432250977,0.6592558026313782,0.33323684334754944,33.06748,1378158848778
0.25199583172798157,0.3136438727378845,0.548872172832489,0.6502659320831299,0.33324646949768066,33.536633,1378158849250
0.25199583172798157,0.3136438727378845,0.548872172832489,0.6502659320831299,0.33324646949768066,33.56791,1378158849278
0.254386305809021,0.30382317304611206,0.5488491654396057,0.6560404300689697,0.33325517177581787,34.037064,1378158849749
0.254386305809021,0.30382317304611206,0.5488491654396057,0.6560404300689697,0.33325517177581787,34.06834,1378158849778
0.2566506266593933,0.29878443479537964,0.5488284230232239,0.673222541809082,0.33326297998428345,34.537495,1378158850251
0.2566506266593933,0.29878443479537964,0.5488284230232239,0.673222541809082,0.33326297998428345,34.56877,1378158850280
0.25936177372932434,0.3280944526195526,0.5488097667694092,0.6860822439193726,0.33327001333236694,35.03792,1378158850752
0.25936177372932434,0.3280944526195526,0.5488097667694092,0.6860822439193726,0.33327001333236694,35.0692,1378158850779
0.2618632912635803,0.3182431161403656,0.5487930178642273,0.6925047039985657,0.3332763612270355,35.538353,1378158851254
0.2618632912635803,0.3182431161403656,0.5487930178642273,0.6925047039985657,0.3332763612270355,35.56963,1378158851280
0.26429641246795654,0.3167918622493744,0.5487778782844543,0.6856024861335754,0.3332820534706116,36.038784,1378158851753
0.26429641246795654,0.3167918622493744,0.5487778782844543,0.6856024861335754,0.3332820534706116,36.07006,1378158851780
0.266827255487442,0.325291246175766,0.5487642884254456,0.6595377326011658,0.33328717947006226,36.539215,1378158852254
0.266827255487442,0.325291246175766,0.5487642884254456,0.6595377326011658,0.33328717947006226,36.57049,1378158852281
0.266827255487442,0.325291246175766,0.5487642884254456,0.6595377326011658,0.33328717947006226,36.914536,1378158852625
0.26915428042411804,0.3157787024974823,0.5487520694732666,0.638594925403595,0.33329179883003235,37.039642,1378158852754
0.26915428042411804,0.3157787024974823,0.5487520694732666,0.638594925403595,0.33329179883003235,37.07092,1378158852781
0.26915428042411804,0.3157787024974823,0.5487520694732666,0.638594925403595,0.33329179883003235,37.164753,1378158852876
0.2715252637863159,0.3210482895374298,0.5487410426139832,0.6427415609359741,0.33329594135284424,37.540073,1378158853255
0.2715252637863159,0.3210482895374298,0.5487410426139832,0.6427415609359741,0.33329594135284424,37.57135,1378158853282
0.27385562658309937,0.32127800583839417,0.5487311482429504,0.6478908658027649,0.3332996964454651,38.040504,1378158853753
0.27385562658309937,0.32127800583839417,0.5487311482429504,0.6478908658027649,0.3332996964454651,38.07178,1378158853783
0.27612751722335815,0.3204575181007385,0.5487222671508789,0.6539904475212097,0.3333030343055725,38.540936,1378158854253
0.27612751722335815,0.3204575181007385,0.5487222671508789,0.6539904475212097,0.3333030343055725,38.572212,1378158854283
0.27824318408966064,0.3137475848197937,0.5487142205238342,0.6438133120536804,0.33330607414245605,39.041363,1378158854756
0.27824318408966064,0.3137475848197937,0.5487142205238342,0.6438133120536804,0.33330607414245605,39.07264,1378158854783
0.2814350128173828,0.38093405961990356,0.5487070083618164,0.6193208694458008,0.3333088159561157,39.541794,1378158855254
0.2814350128173828,0.38093405961990356,0.5487070083618164,0.6193208694458008,0.3333088159561157,39.57307,1378158855286
0.28450632095336914,0.3768804669380188,0.5487005114555359,0.6272184252738953,0.3333112597465515,40.042225,1378158855755
0.28450632095336914,0.3768804669380188,0.5487005114555359,0.6272184252738953,0.3333112597465515,40.0735,1378158855784
0.2874926030635834,0.3749154210090637,0.5486946105957031,0.6412238478660583,0.3333134651184082,40.542652,1378158856256
0.2874926030635834,0.3749154210090637,0.5486946105957031,0.6412238478660583,0.3333134651184082,40.573933,1378158856286
0.29044657945632935,0.3761015236377716,0.5486893653869629,0.6650290489196777,0.3333154618740082,41.043083,1378158856756
0.29044657945632935,0.3761015236377716,0.5486893653869629,0.6650290489196777,0.3333154618740082,41.07436,1378158856787
0.2933616042137146,0.3768978416919708,0.5486846566200256,0.6787456274032593,0.33331725001335144,41.543514,1378158857258
0.2933616042137146,0.3768978416919708,0.5486846566200256,0.6787456274032593,0.33331725001335144,41.57479,1378158857286
0.29638782143592834,0.38670966029167175,0.5486803650856018,0.6841130256652832,0.3333188593387604,42.043945,1378158857757
0.29638782143592834,0.38670966029167175,0.5486803650856018,0.6841130256652832,0.3333188593387604,42.075222,1378158857785
0.2997082471847534,0.40759408473968506,0.5486765503883362,0.6834472417831421,0.333320289850235,42.544373,1378158858262
0.2997082471847534,0.40759408473968506,0.5486765503883362,0.6834472417831421,0.333320289850235,42.57565,1378158858285
0.2997082471847534,0.40759408473968506,0.5486765503883362,0.6834472417831421,0.333320289850235,42.669483,1378158858380
0.2997082471847534,0.40759408473968506,0.5486765503883362,0.6834472417831421,0.333320289850235,42.79459,1378158858505
0.2997082471847534,0.40759408473968506,0.5486765503883362,0.6834472417831421,0.333320289850235,42.919697,1378158858631
0.30367588996887207,0.44981279969215393,0.5486730933189392,0.6747372150421143,0.33332160115242004,43.044804,1378158858760
0.30367588996887207,0.44981279969215393,0.5486730933189392,0.6747372150421143,0.33332160115242004,43.07608,1378158858786
0.3078038692474365,0.4631841778755188,0.5486699342727661,0.6626379489898682,0.33332276344299316,43.545235,1378158859259
0.3078038692474365,0.4631841778755188,0.5486699342727661,0.6626379489898682,0.33332276344299316,43.57651,1378158859286
0.3123842477798462,0.4941958487033844,0.5486671924591064,0.6672176122665405,0.3333238363265991,44.045666,1378158859760
0.3123842477798462,0.4941958487033844,0.5486671924591064,0.6672176122665405,0.3333238363265991,44.076942,1378158859787
0.3164333999156952,0.4664313793182373,0.5486646294593811,0.6807354688644409,0.3333247900009155,44.546093,1378158860260
0.3164333999156952,0.4664313793182373,0.5486646294593811,0.6807354688644409,0.3333247900009155,44.57737,1378158860287
0.3203468322753906,0.46217474341392517,0.5486623644828796,0.6868525147438049,0.3333256244659424,45.046524,1378158860760
0.3203468322753906,0.46217474341392517,0.5486623644828796,0.6868525147438049,0.3333256244659424,45.0778,1378158860788
0.32384976744651794,0.44139915704727173,0.5486603379249573,0.7074565291404724,0.33332639932632446,45.546955,1378158861264
0.32384976744651794,0.44139915704727173,0.5486603379249573,0.7074565291404724,0.33332639932632446,45.57823,1378158861289
0.32384976744651794,0.44139915704727173,0.5486603379249573,0.7074565291404724,0.33332639932632446,45.672062,1378158861383
0.32384976744651794,0.44139915704727173,0.5486603379249573,0.7074565291404724,0.33332639932632446,45.79717,1378158861507
0.32384976744651794,0.44139915704727173,0.5486603379249573,0.7074565291404724,0.33332639932632446,45.922276,1378158861632
0.32790663838386536,0.478317528963089,0.5486584901809692,0.7230913639068604,0.3333270847797394,46.047386,1378158861761
0.32790663838386536,0.478317528963089,0.5486584901809692,0.7230913639068604,0.3333270847797394,46.078663,1378158861790
0.33135849237442017,0.44599875807762146,0.5486568212509155,0.7482525110244751,0.3333277106285095,46.547813,1378158862261
0.33135849237442017,0.44599875807762146,0.5486568212509155,0.7482525110244751,0.3333277106285095,46.57909,1378158862292
0.3343832492828369,0.42409032583236694,0.5486553907394409,0.7661389708518982,0.3333282768726349,47.048244,1378158862761
0.3343832492828369,0.42409032583236694,0.5486553907394409,0.7661389708518982,0.3333282768726349,47.07952,1378158862791
0.33715349435806274,0.4123474955558777,0.5486540198326111,0.7601047158241272,0.3333287835121155,47.548676,1378158863262
0.33715349435806274,0.4123474955558777,0.5486540198326111,0.7601047158241272,0.3333287835121155,47.579952,1378158863294
0.33997657895088196,0.4189654588699341,0.5486528277397156,0.7574766874313354,0.3333292305469513,48.049107,1378158863761
0.33997657895088196,0.4189654588699341,0.5486528277397156,0.7574766874313354,0.3333292305469513,48.080383,1378158863794
0.34256798028945923,0.4085388481616974,0.5486517548561096,0.7547900080680847,0.3333296477794647,48.549534,1378158864264
0.34256798028945923,0.4085388481616974,0.5486517548561096,0.7547900080680847,0.3333296477794647,48.58081,1378158864293
0.345104455947876,0.4086702764034271,0.5486507415771484,0.7402130365371704,0.3333300054073334,49.049965,1378158864764
0.345104455947876,0.4086702764034271,0.5486507415771484,0.7402130365371704,0.3333300054073334,49.08124,1378158864792
0.34807583689689636,0.43814733624458313,0.5486499071121216,0.6927006840705872,0.333330363035202,49.550396,1378158865266
0.34807583689689636,0.43814733624458313,0.5486499071121216,0.6927006840705872,0.333330363035202,49.581673,1378158865293
0.35141998529434204,0.46418097615242004,0.5486490726470947,0.6890990734100342,0.3333306610584259,50.050827,1378158865765
0.35141998529434204,0.46418097615242004,0.5486490726470947,0.6890990734100342,0.3333306610584259,50.082104,1378158865793
0.3547316789627075,0.46609750390052795,0.5486483573913574,0.7044576406478882,0.3333309292793274,50.551254,1378158866266
0.3547316789627075,0.46609750390052795,0.5486483573913574,0.7044576406478882,0.3333309292793274,50.58253,1378158866293
0.35761260986328125,0.44414275884628296,0.5486477613449097,0.7325079441070557,0.3333311676979065,51.051685,1378158866766
0.35761260986328125,0.44414275884628296,0.5486477613449097,0.7325079441070557,0.3333311676979065,51.082962,1378158866794
0.35990017652511597,0.412225604057312,0.5486471652984619,0.735150158405304,0.3333313763141632,51.552116,1378158867266
0.35990017652511597,0.412225604057312,0.5486471652984619,0.735150158405304,0.3333313763141632,51.583393,1378158867294
0.35990017652511597,0.412225604057312,0.5486471652984619,0.735150158405304,0.3333313763141632,51.80233,1378158867515
0.35990017652511597,0.412225604057312,0.5486471652984619,0.735150158405304,0.3333313763141632,51.927437,1378158867640
0.3626309335231781,0.44226303696632385,0.5486466288566589,0.7178510427474976,0.3333315849304199,52.052544,1378158867768
0.3626309335231781,0.44226303696632385,0.5486466288566589,0.7178510427474976,0.3333315849304199,52.083824,1378158867796
0.3652246296405792,0.43771883845329285,0.5486461520195007,0.6949869394302368,0.33333173394203186,52.552975,1378158868268
0.3652246296405792,0.43771883845329285,0.5486461520195007,0.6949869394302368,0.33333173394203186,52.58425,1378158868296
0.36793604493141174,0.44844290614128113,0.5486457347869873,0.6645762324333191,0.3333319127559662,53.053406,1378158868771
0.36793604493141174,0.44844290614128113,0.5486457347869873,0.6645762324333191,0.3333319127559662,53.084682,1378158868796
0.37070518732070923,0.4556277394294739,0.5486453771591187,0.6454845666885376,0.3333320617675781,53.553837,1378158869267
0.37070518732070923,0.4556277394294739,0.5486453771591187,0.6454845666885376,0.3333320617675781,53.585114,1378158869297
0.3731083571910858,0.43748044967651367,0.54864501953125,0.6262083649635315,0.3333321809768677,54.054264,1378158869771
0.3731083571910858,0.43748044967651367,0.54864501953125,0.6262083649635315,0.3333321809768677,54.08554,1378158869797
0.37614357471466064,0.47903329133987427,0.5486447215080261,0.6166592836380005,0.3333323001861572,54.554695,1378158870267
0.37614357471466064,0.47903329133987427,0.5486447215080261,0.6166592836380005,0.3333323001861572,54.58597,1378158870299
0.37939268350601196,0.49587705731391907,0.548644483089447,0.6137562990188599,0.3333323895931244,55.289703,1378158871043
0.37939268350601196,0.49587705731391907,0.548644483089447,0.6137562990188599,0.3333323895931244,55.32098,1378158871043
0.38361987471580505,0.5586850643157959,0.5486441850662231,0.5919697284698486,0.33333247900009155,55.571194,1378158871286
0.38361987471580505,0.5586850643157959,0.5486441850662231,0.5919697284698486,0.33333247900009155,55.60247,1378158871314
0.3883233368396759,0.5919066667556763,0.5486440062522888,0.573717474937439,0.3333325684070587,56.071625,1378158871786
0.3883233368396759,0.5919066667556763,0.5486440062522888,0.573717474937439,0.3333325684070587,56.1029,1378158871815
0.3883233368396759,0.5919066667556763,0.5486440062522888,0.573717474937439,0.3333325684070587,56.446945,1378158872159
0.3923838138580322,0.5582729578018188,0.5486437678337097,0.5354717969894409,0.3333326578140259,56.572056,1378158872288
0.3923838138580322,0.5582729578018188,0.5486437678337097,0.5354717969894409,0.3333326578140259,56.603333,1378158872314
0.3923838138580322,0.5582729578018188,0.5486437678337097,0.5354717969894409,0.3333326578140259,56.82227,1378158872534
0.3923838138580322,0.5582729578018188,0.5486437678337097,0.5354717969894409,0.3333326578140259,56.947376,1378158872659
0.3965725898742676,0.5706192851066589,0.5486435890197754,0.5052310824394226,0.33333271741867065,57.072483,1378158872788
0.3965725898742676,0.5706192851066589,0.5486435890197754,0.5052310824394226,0.33333271741867065,57.10376,1378158872815
0.4009002149105072,0.583708643913269,0.5486434102058411,0.4779130220413208,0.33333277702331543,57.572914,1378158873289
0.4009002149105072,0.583708643913269,0.5486434102058411,0.4779130220413208,0.33333277702331543,57.60419,1378158873315
0.4052872359752655,0.592131495475769,0.5486432909965515,0.4538573622703552,0.3333328366279602,58.073345,1378158873789
0.4052872359752655,0.592131495475769,0.5486432909965515,0.4538573622703552,0.3333328366279602,58.10462,1378158873816
0.4096245765686035,0.5940903425216675,0.548643171787262,0.45485177636146545,0.333332896232605,58.573776,1378158874290
0.4096245765686035,0.5940903425216675,0.548643171787262,0.45485177636146545,0.333332896232605,58.605053,1378158874316
0.4139014184474945,0.5954025387763977,0.5486430525779724,0.4735114574432373,0.33333292603492737,59.074203,1378158874789
0.4139014184474945,0.5954025387763977,0.5486430525779724,0.4735114574432373,0.33333292603492737,59.10548,1378158874819
0.4191789925098419,0.6604203581809998,0.5486429333686829,0.4966942071914673,0.33333298563957214,59.574635,1378158875292
0.4191789925098419,0.6604203581809998,0.5486429333686829,0.4966942071914673,0.33333298563957214,59.60591,1378158875318
0.42406824231147766,0.6426153182983398,0.5486428141593933,0.5026208162307739,0.33333301544189453,60.067245,1378158875781
0.42406824231147766,0.6426153182983398,0.5486428141593933,0.5026208162307739,0.33333301544189453,60.098522,1378158875810
0.42877423763275146,0.6369805335998535,0.5486427545547485,0.5022681951522827,0.3333330452442169,60.567677,1378158876283
0.42877423763275146,0.6369805335998535,0.5486427545547485,0.5022681951522827,0.3333330452442169,60.598953,1378158876311
0.4328889548778534,0.6067625880241394,0.5486426949501038,0.5090050101280212,0.3333330750465393,61.068104,1378158876783
0.4328889548778534,0.6067625880241394,0.5486426949501038,0.5090050101280212,0.3333330750465393,61.099384,1378158876811
0.43676525354385376,0.5974483489990234,0.548642635345459,0.511081874370575,0.3333331048488617,61.568535,1378158877284
0.43676525354385376,0.5974483489990234,0.548642635345459,0.511081874370575,0.3333331048488617,61.59981,1378158877311
0.440941721200943,0.6203501224517822,0.5486425161361694,0.5184511542320251,0.3333331048488617,62.068966,1378158877784
0.440941721200943,0.6203501224517822,0.5486425161361694,0.5184511542320251,0.3333331048488617,62.100243,1378158877812
0.44483891129493713,0.6086052656173706,0.5486424565315247,0.5273070335388184,0.3333331346511841,62.569397,1378158878285
0.44483891129493713,0.6086052656173706,0.5486424565315247,0.5273070335388184,0.3333331346511841,62.600674,1378158878313
0.4489041268825531,0.6235830783843994,0.5486424565315247,0.514086902141571,0.33333316445350647,63.069824,1378158878790
0.4489041268825531,0.6235830783843994,0.5486424565315247,0.514086902141571,0.33333316445350647,63.1011,1378158878812
0.452737957239151,0.6146401166915894,0.5486423969268799,0.5234805345535278,0.33333316445350647,63.570255,1378158879285
0.452737957239151,0.6146401166915894,0.5486423969268799,0.5234805345535278,0.33333316445350647,63.601532,1378158879314
0.45553696155548096,0.5573193430900574,0.5486423373222351,0.5203479528427124,0.33333319425582886,64.07069,1378158879786
0.45553696155548096,0.5573193430900574,0.5486423373222351,0.5203479528427124,0.33333319425582886,64.10196,1378158879814
0.45803314447402954,0.5433738231658936,0.5486423373222351,0.533966600894928,0.33333319425582886,64.57111,1378158880286
0.45803314447402954,0.5433738231658936,0.5486423373222351,0.533966600894928,0.33333319425582886,64.602394,1378158880314
0.46050286293029785,0.5457280874252319,0.5486422777175903,0.5408648252487183,0.33333322405815125,65.05591,1378158880771
0.46050286293029785,0.5457280874252319,0.5486422777175903,0.5408648252487183,0.33333322405815125,65.08718,1378158880802
0.4629361629486084,0.5472750663757324,0.5486422181129456,0.551325261592865,0.33333322405815125,65.556335,1378158881272
0.4629361629486084,0.5472750663757324,0.5486422181129456,0.551325261592865,0.33333322405815125,65.587616,1378158881300
0.4651564061641693,0.5379610657691956,0.5486422181129456,0.5562816858291626,0.33333325386047363,66.05677,1378158881777
0.4651564061641693,0.5379610657691956,0.5486422181129456,0.5562816858291626,0.33333325386047363,66.08804,1378158881800
0.4670338034629822,0.5206028819084167,0.5486422181129456,0.5503449440002441,0.33333325386047363,66.5572,1378158882273
0.4670338034629822,0.5206028819084167,0.5486422181129456,0.5503449440002441,0.33333325386047363,66.58848,1378158882300
0.4687913656234741,0.5163238048553467,0.5486421585083008,0.5433550477027893,0.33333325386047363,67.081085,1378158882796
0.4687913656234741,0.5163238048553467,0.5486421585083008,0.5433550477027893,0.33333325386047363,67.112366,1378158882824
0.46981021761894226,0.474610298871994,0.5486421585083008,0.523966908454895,0.33333325386047363,67.58151,1378158883297
0.46981021761894226,0.474610298871994,0.5486421585083008,0.523966908454895,0.33333325386047363,67.61279,1378158883325
0.4706931710243225,0.46852022409439087,0.5486421585083008,0.531169056892395,0.333333283662796,68.08195,1378158883798
0.4706931710243225,0.46852022409439087,0.5486421585083008,0.531169056892395,0.333333283662796,68.11322,1378158883826
0.47193601727485657,0.4918312430381775,0.548642098903656,0.534035325050354,0.333333283662796,68.582375,1378158884297
0.47193601727485657,0.4918312430381775,0.548642098903656,0.534035325050354,0.333333283662796,68.613655,1378158884326
0.4726721942424774,0.4631482660770416,0.548642098903656,0.5324874520301819,0.333333283662796,69.08281,1378158884797
0.4726721942424774,0.4631482660770416,0.548642098903656,0.5324874520301819,0.333333283662796,69.11408,1378158884830
0.47269994020462036,0.4220609664916992,0.548642098903656,0.5174139142036438,0.333333283662796,69.58324,1378158885312
0.47269994020462036,0.4220609664916992,0.548642098903656,0.5174139142036438,0.333333283662796,69.61451,1378158885328
0.4727931022644043,0.4270452558994293,0.548642098903656,0.5160683989524841,0.333333283662796,70.083664,1378158885799
0.4727931022644043,0.4270452558994293,0.548642098903656,0.5160683989524841,0.333333283662796,70.114944,1378158885828
0.47277945280075073,0.42169299721717834,0.548642098903656,0.5015090703964233,0.333333283662796,70.5841,1378158886299
0.47277945280075073,0.42169299721717834,0.548642098903656,0.5015090703964233,0.333333283662796,70.61537,1378158886327
0.4724276065826416,0.40244826674461365,0.5486420392990112,0.4789593517780304,0.3333333134651184,71.084526,1378158886800
0.4724276065826416,0.40244826674461365,0.5486420392990112,0.4789593517780304,0.3333333134651184,71.11581,1378158886829
0.4715754985809326,0.37345489859580994,0.5486420392990112,0.4727567434310913,0.3333333134651184,71.58495,1378158887300
0.4715754985809326,0.37345489859580994,0.5486420392990112,0.4727567434310913,0.3333333134651184,71.616234,1378158887330
0.470695823431015,0.37258201837539673,0.5486420392990112,0.4781406819820404,0.3333333134651184,72.08539,1378158887800
0.470695823431015,0.37258201837539673,0.5486420392990112,0.4781406819820404,0.3333333134651184,72.11666,1378158887830
0.4699636697769165,0.382170170545578,0.5486420392990112,0.4990885853767395,0.3333333134651184,72.585815,1378158888301
0.4699636697769165,0.382170170545578,0.5486420392990112,0.4990885853767395,0.3333333134651184,72.617096,1378158888330
0.46910399198532104,0.3752986192703247,0.5486420392990112,0.5120058655738831,0.3333333134651184,73.08624,1378158888802
0.46910399198532104,0.3752986192703247,0.5486420392990112,0.5120058655738831,0.3333333134651184,73.11752,1378158888832
0.4686766564846039,0.402100145816803,0.5486420392990112,0.5126345753669739,0.3333333134651184,73.58668,1378158889303
0.4686766564846039,0.402100145816803,0.5486420392990112,0.5126345753669739,0.3333333134651184,73.61795,1378158889330
0.4678785502910614,0.38105806708335876,0.5486420392990112,0.507269024848938,0.3333333134651184,74.087105,1378158889804
0.4678785502910614,0.38105806708335876,0.5486420392990112,0.507269024848938,0.3333333134651184,74.118385,1378158889832
0.4671361446380615,0.3855937421321869,0.5486420392990112,0.5152139067649841,0.3333333134651184,74.58754,1378158890306
0.4671361446380615,0.3855937421321869,0.5486420392990112,0.5152139067649841,0.3333333134651184,74.61881,1378158890332
0.4671361446380615,0.3855937421321869,0.5486420392990112,0.5152139067649841,0.3333333134651184,74.99413,1378158890706
0.4661567807197571,0.3726781904697418,0.5486420392990112,0.5484631657600403,0.3333333134651184,75.08797,1378158890806
0.4661567807197571,0.3726781904697418,0.5486420392990112,0.5484631657600403,0.3333333134651184,75.11924,1378158890832
0.4661567807197571,0.3726781904697418,0.5486420392990112,0.5484631657600403,0.3333333134651184,75.15052,1378158890863
0.4661567807197571,0.3726781904697418,0.5486420392990112,0.5484631657600403,0.3333333134651184,75.33818,1378158891051
0.4661567807197571,0.3726781904697418,0.5486420392990112,0.5484631657600403,0.3333333134651184,75.46329,1378158891176
0.4648939073085785,0.35690295696258545,0.5486419796943665,0.5746415853500366,0.3333333134651184,75.588394,1378158891306
0.4648939073085785,0.35690295696258545,0.5486419796943665,0.5746415853500366,0.3333333134651184,75.619675,1378158891333
0.46366310119628906,0.3598661422729492,0.5486419796943665,0.5962479114532471,0.3333333134651184,76.08883,1378158891805
0.46366310119628906,0.3598661422729492,0.5486419796943665,0.5962479114532471,0.3333333134651184,76.1201,1378158891834
0.46217870712280273,0.3456130027770996,0.5486419796943665,0.6186217665672302,0.3333333134651184,76.58926,1378158892306
0.46217870712280273,0.3456130027770996,0.5486419796943665,0.6186217665672302,0.3333333134651184,76.62054,1378158892333
0.46102070808410645,0.36606648564338684,0.5486419796943665,0.6219479441642761,0.3333333134651184,77.08968,1378158892806
0.46102070808410645,0.36606648564338684,0.5486419796943665,0.6219479441642761,0.3333333134651184,77.120964,1378158892834
0.46006670594215393,0.37935614585876465,0.5486419796943665,0.6257862448692322,0.3333333134651184,77.59012,1378158893304
0.46006670594215393,0.37935614585876465,0.5486419796943665,0.6257862448692322,0.3333333134651184,77.62139,1378158893334
0.45897483825683594,0.3720853328704834,0.5486419796943665,0.6273683309555054,0.3333333134651184,78.090546,1378158893807
0.45897483825683594,0.3720853328704834,0.5486419796943665,0.6273683309555054,0.3333333134651184,78.121826,1378158893834
0.4581078588962555,0.38642919063568115,0.5486419796943665,0.6195666790008545,0.3333333134651184,78.59098,1378158894305
0.4581078588962555,0.38642919063568115,0.5486419796943665,0.6195666790008545,0.3333333134651184,78.62225,1378158894336
0.4570470452308655,0.37572234869003296,0.5486419796943665,0.611345112323761,0.3333333134651184,79.09141,1378158894806
0.4570470452308655,0.37572234869003296,0.5486419796943665,0.611345112323761,0.3333333134651184,79.12268,1378158894838
0.45531824231147766,0.33616483211517334,0.5486419796943665,0.6026992201805115,0.3333333134651184,79.591835,1378158895307
0.45531824231147766,0.33616483211517334,0.5486419796943665,0.6026992201805115,0.3333333134651184,79.623116,1378158895336
0.4530959725379944,0.30563080310821533,0.5486419796943665,0.5875632166862488,0.3333333432674408,80.09227,1378158895809
0.4530959725379944,0.30563080310821533,0.5486419796943665,0.5875632166862488,0.3333333432674408,80.12354,1378158895837
0.4510762393474579,0.31659331917762756,0.5486419796943665,0.5588806867599487,0.3333333432674408,80.5927,1378158896307
0.4510762393474579,0.31659331917762756,0.5486419796943665,0.5588806867599487,0.3333333432674408,80.62398,1378158896337
0.4486684501171112,0.2919381856918335,0.5486419796943665,0.5382115244865417,0.3333333432674408,81.093124,1378158896809
0.4486684501171112,0.2919381856918335,0.5486419796943665,0.5382115244865417,0.3333333432674408,81.124405,1378158896838
0.44643598794937134,0.3009275197982788,0.5486419796943665,0.5109354257583618,0.3333333432674408,81.59356,1378158897310
0.44643598794937134,0.3009275197982788,0.5486419796943665,0.5109354257583618,0.3333333432674408,81.62483,1378158897338
0.4453744888305664,0.3699060082435608,0.5486419796943665,0.4863981008529663,0.3333333432674408,82.09399,1378158897811
0.4453744888305664,0.3699060082435608,0.5486419796943665,0.4863981008529663,0.3333333432674408,82.12527,1378158897838
0.44492289423942566,0.4057604670524597,0.5486419796943665,0.4689446985721588,0.3333333432674408,82.59441,1378158898311
0.44492289423942566,0.4057604670524597,0.5486419796943665,0.4689446985721588,0.3333333432674408,82.625694,1378158898338
0.44432133436203003,0.3960801064968109,0.5486419796943665,0.4466628432273865,0.3333333432674408,83.09485,1378158898813
0.44432133436203003,0.3960801064968109,0.5486419796943665,0.4466628432273865,0.3333333432674408,83.12612,1378158898839
0.44410768151283264,0.41840487718582153,0.5486419796943665,0.4310607314109802,0.3333333432674408,83.595276,1378158899314
0.44410768151283264,0.41840487718582153,0.5486419796943665,0.4310607314109802,0.3333333432674408,83.62656,1378158899339
0.4440043270587921,0.4242541491985321,0.5486419796943665,0.4154698848724365,0.3333333432674408,84.09571,1378158899813
0.4440043270587921,0.4242541491985321,0.5486419796943665,0.4154698848724365,0.3333333432674408,84.12698,1378158899841
0.44310611486434937,0.37606263160705566,0.5486419796943665,0.38661670684814453,0.3333333432674408,84.59614,1378158900312
0.44310611486434937,0.37606263160705566,0.5486419796943665,0.38661670684814453,0.3333333432674408,84.62741,1378158900341
0.4422995150089264,0.38074418902397156,0.5486419796943665,0.35345035791397095,0.3333333432674408,85.096565,1378158900812
0.4422995150089264,0.38074418902397156,0.5486419796943665,0.35345035791397095,0.3333333432674408,85.127846,1378158900841
0.4411197900772095,0.3578417897224426,0.5486419796943665,0.3319516181945801,0.3333333432674408,85.597,1378158901321
0.4411197900772095,0.3578417897224426,0.5486419796943665,0.3319516181945801,0.3333333432674408,85.62827,1378158901344
0.4397255778312683,0.34439221024513245,0.5486419796943665,0.3325287997722626,0.3333333432674408,86.09743,1378158901813
0.4397255778312683,0.34439221024513245,0.5486419796943665,0.3325287997722626,0.3333333432674408,86.12871,1378158901841
0.4379766583442688,0.3225128650665283,0.5486419796943665,0.3382754325866699,0.3333333432674408,86.597855,1378158902314
0.4379766583442688,0.3225128650665283,0.5486419796943665,0.3382754325866699,0.3333333432674408,86.629135,1378158902342
0.4356359541416168,0.28635647892951965,0.5486419796943665,0.35591885447502136,0.3333333432674408,87.09829,1378158902814
0.4356359541416168,0.28635647892951965,0.5486419796943665,0.35591885447502136,0.3333333432674408,87.12956,1378158902844
0.4339192509651184,0.3230069577693939,0.5486419796943665,0.36099520325660706,0.3333333432674408,87.59872,1378158903315
0.4339192509651184,0.3230069577693939,0.5486419796943665,0.36099520325660706,0.3333333432674408,87.63,1378158903344
0.4324962794780731,0.340318888425827,0.5486419796943665,0.4030751585960388,0.3333333432674408,88.09915,1378158903817
0.4324962794780731,0.340318888425827,0.5486419796943665,0.4030751585960388,0.3333333432674408,88.130424,1378158903847
0.4324962794780731,0.340318888425827,0.5486419796943665,0.4030751585960388,0.3333333432674408,88.349365,1378158904064
0.43137598037719727,0.3583938181400299,0.5486419796943665,0.45847147703170776,0.3333333432674408,88.59958,1378158904317
0.43137598037719727,0.3583938181400299,0.5486419796943665,0.45847147703170776,0.3333333432674408,88.63085,1378158904346
0.43121251463890076,0.41597315669059753,0.5486419796943665,0.5107715129852295,0.3333333432674408,89.100006,1378158904817
0.43121251463890076,0.41597315669059753,0.5486419796943665,0.5107715129852295,0.3333333432674408,89.13129,1378158904845
0.43121251463890076,0.41597315669059753,0.5486419796943665,0.5107715129852295,0.3333333432674408,89.50661,1378158905220
0.4310370981693268,0.4157225787639618,0.5486419796943665,0.5999358296394348,0.3333333432674408,89.60044,1378158905318
0.4310370981693268,0.4157225787639618,0.5486419796943665,0.5999358296394348,0.3333333432674408,89.631714,1378158905346
0.4310370981693268,0.4157225787639618,0.5486419796943665,0.5999358296394348,0.3333333432674408,89.662994,1378158905376
0.4307001233100891,0.40649306774139404,0.5486419796943665,0.6337777376174927,0.3333333432674408,90.10087,1378158905819
0.4307001233100891,0.40649306774139404,0.5486419796943665,0.6337777376174927,0.3333333432674408,90.13215,1378158905847
0.4299541413784027,0.38233497738838196,0.5486419796943665,0.6223773956298828,0.3333333432674408,90.601295,1378158906320
0.4299541413784027,0.38233497738838196,0.5486419796943665,0.6223773956298828,0.3333333432674408,90.632576,1378158906346
0.4290727376937866,0.3743952512741089,0.5486419796943665,0.6017409563064575,0.3333333432674408,91.10173,1378158906817
0.4290727376937866,0.3743952512741089,0.5486419796943665,0.6017409563064575,0.3333333432674408,91.133,1378158906847
0.42861509323120117,0.3998582065105438,0.5486419796943665,0.5669423937797546,0.3333333432674408,91.60216,1378158907320
0.42861509323120117,0.3998582065105438,0.5486419796943665,0.5669423937797546,0.3333333432674408,91.63344,1378158907347
0.42804819345474243,0.39361053705215454,0.5486419796943665,0.547671377658844,0.3333333432674408,92.102585,1378158907819
0.42804819345474243,0.39361053705215454,0.5486419796943665,0.547671377658844,0.3333333432674408,92.133865,1378158907847
0.4272931218147278,0.3827122449874878,0.5486419796943665,0.5355720520019531,0.3333333432674408,92.60302,1378158908321
0.4272931218147278,0.3827122449874878,0.5486419796943665,0.5355720520019531,0.3333333432674408,92.63429,1378158908348
0.4270492196083069,0.4137309491634369,0.5486419796943665,0.5173179507255554,0.3333333432674408,93.10345,1378158908821
0.4270492196083069,0.4137309491634369,0.5486419796943665,0.5173179507255554,0.3333333432674408,93.13473,1378158908848
0.4266144037246704,0.4030497372150421,0.5486419796943665,0.5112519264221191,0.3333333432674408,93.60388,1378158909322
0.4266144037246704,0.4030497372150421,0.5486419796943665,0.5112519264221191,0.3333333432674408,93.635155,1378158909350
0.4263562262058258,0.4143824577331543,0.5486419796943665,0.5089789628982544,0.3333333432674408,94.10431,1378158909824
0.4263562262058258,0.4143824577331543,0.5486419796943665,0.5089789628982544,0.3333333432674408,94.13558,1378158909849
0.42680981755256653,0.4580064117908478,0.5486419796943665,0.5130664110183716,0.3333333432674408,94.60474,1378158910322
0.42680981755256653,0.4580064117908478,0.5486419796943665,0.5130664110183716,0.3333333432674408,94.63602,1378158910351
0.42740803956985474,0.4680124819278717,0.5486419796943665,0.5403355956077576,0.3333333432674408,95.10517,1378158910823
0.42740803956985474,0.4680124819278717,0.5486419796943665,0.5403355956077576,0.3333333432674408,95.136444,1378158910850
0.42799070477485657,0.46826016902923584,0.5486419796943665,0.532012403011322,0.3333333432674408,95.6056,1378158911323
0.42799070477485657,0.46826016902923584,0.5486419796943665,0.532012403011322,0.3333333432674408,95.63688,1378158911351
0.4282795190811157,0.45186588168144226,0.5486419796943665,0.5090681314468384,0.3333333432674408,96.09821,1378158911815
0.4282795190811157,0.45186588168144226,0.5486419796943665,0.5090681314468384,0.3333333432674408,96.129486,1378158911844
0.42825964093208313,0.43447133898735046,0.5486419796943665,0.5060092210769653,0.3333333432674408,96.59864,1378158912317
0.42825964093208313,0.43447133898735046,0.5486419796943665,0.5060092210769653,0.3333333432674408,96.62991,1378158912343
0.4280632436275482,0.42479369044303894,0.5486419796943665,0.4951253831386566,0.3333333432674408,97.09907,1378158912817
0.4280632436275482,0.42479369044303894,0.5486419796943665,0.4951253831386566,0.3333333432674408,97.13035,1378158912844
0.4276079535484314,0.4101649820804596,0.5486419796943665,0.49417343735694885,0.3333333432674408,97.5995,1378158913318
0.4276079535484314,0.4101649820804596,0.5486419796943665,0.49417343735694885,0.3333333432674408,97.630775,1378158913345
0.4272371530532837,0.4159756004810333,0.5486419796943665,0.4861765503883362,0.3333333432674408,98.09993,1378158913818
0.4272371530532837,0.4159756004810333,0.5486419796943665,0.4861765503883362,0.3333333432674408,98.13121,1378158913845
0.4263433814048767,0.38538578152656555,0.5486419796943665,0.4752417206764221,0.3333333432674408,98.60036,1378158914317
0.4263433814048767,0.38538578152656555,0.5486419796943665,0.4752417206764221,0.3333333432674408,98.63164,1378158914346
0.4250122904777527,0.3596915900707245,0.5486419796943665,0.4549340009689331,0.3333333432674408,99.10079,1378158914818
0.4250122904777527,0.3596915900707245,0.5486419796943665,0.4549340009689331,0.3333333432674408,99.132065,1378158914847
0.42363905906677246,0.3575502634048462,0.5486419796943665,0.4367205798625946,0.3333333432674408,99.60122,1378158915318
0.42363905906677246,0.3575502634048462,0.5486419796943665,0.4367205798625946,0.3333333432674408,99.6325,1378158915347
0.4223076105117798,0.3598560392856598,0.5486419796943665,0.44169655442237854,0.3333333432674408,100.101654,1378158915820
0.4223076105117798,0.3598560392856598,0.5486419796943665,0.44169655442237854,0.3333333432674408,100.13293,1378158915847
0.4205774664878845,0.33579012751579285,0.5486419796943665,0.44816598296165466,0.3333333432674408,100.60208,1378158916319
0.4205774664878845,0.33579012751579285,0.5486419796943665,0.44816598296165466,0.3333333432674408,100.633354,1378158916349
0.41852110624313354,0.3159010410308838,0.5486419796943665,0.46497949957847595,0.3333333432674408,101.09469,1378158916812
0.41852110624313354,0.3159010410308838,0.5486419796943665,0.46497949957847595,0.3333333432674408,101.12597,1378158916841
0.4167514145374298,0.3325888216495514,0.5486419796943665,0.482892781496048,0.3333333432674408,101.59512,1378158917311
0.4167514145374298,0.3325888216495514,0.5486419796943665,0.482892781496048,0.3333333432674408,101.626396,1378158917341
0.4154193699359894,0.358487606048584,0.5486419796943665,0.536079466342926,0.3333333432674408,102.09555,1378158917814
0.4154193699359894,0.358487606048584,0.5486419796943665,0.536079466342926,0.3333333432674408,102.12683,1378158917841
0.41483134031295776,0.40288323163986206,0.5486419796943665,0.5861116051673889,0.3333333432674408,102.59598,1378158918313
0.41483134031295776,0.40288323163986206,0.5486419796943665,0.5861116051673889,0.3333333432674408,102.62726,1378158918342
0.41469648480415344,0.4300399720668793,0.5486419796943665,0.6121971607208252,0.3333333432674408,103.09641,1378158918814
0.41469648480415344,0.4300399720668793,0.5486419796943665,0.6121971607208252,0.3333333432674408,103.127686,1378158918843
0.4150931239128113,0.4617672264575958,0.5486419796943665,0.6223628520965576,0.3333333432674408,103.59684,1378158919313
0.4150931239128113,0.4617672264575958,0.5486419796943665,0.6223628520965576,0.3333333432674408,103.62812,1378158919342
0.41509294509887695,0.43794551491737366,0.5486419796943665,0.6065264940261841,0.3333333432674408,104.097275,1378158919814
0.41509294509887695,0.43794551491737366,0.5486419796943665,0.6065264940261841,0.3333333432674408,104.12855,1378158919843
0.41556012630462646,0.46551814675331116,0.5486419796943665,0.5903751254081726,0.3333333432674408,104.5977,1378158920314
0.41556012630462646,0.46551814675331116,0.5486419796943665,0.5903751254081726,0.3333333432674408,104.628975,1378158920346
0.4164034426212311,0.48807311058044434,0.5486419796943665,0.5633483529090881,0.3333333432674408,105.09813,1378158920816
0.4164034426212311,0.48807311058044434,0.5486419796943665,0.5633483529090881,0.3333333432674408,105.12941,1378158920845
0.41750460863113403,0.503764808177948,0.5486419796943665,0.5653954744338989,0.3333333432674408,105.598564,1378158921317
0.41750460863113403,0.503764808177948,0.5486419796943665,0.5653954744338989,0.3333333432674408,105.62984,1378158921346
0.41862356662750244,0.5053452849388123,0.5486419796943665,0.5321398973464966,0.3333333432674408,106.12245,1378158921846
0.41862356662750244,0.5053452849388123,0.5486419796943665,0.5321398973464966,0.3333333432674408,106.153725,1378158921869
0.41897138953208923,0.4593179523944855,0.5486419796943665,0.5121594071388245,0.3333333432674408,106.591606,1378158922311
0.41897138953208923,0.4593179523944855,0.5486419796943665,0.5121594071388245,0.3333333432674408,106.62288,1378158922337
0.4191693365573883,0.45042353868484497,0.5486419796943665,0.4990500509738922,0.3333333432674408,107.09203,1378158922811
0.4191693365573883,0.45042353868484497,0.5486419796943665,0.4990500509738922,0.3333333432674408,107.12331,1378158922838
0.418606162071228,0.40497446060180664,0.5486419796943665,0.507796049118042,0.3333333432674408,107.59246,1378158923311
0.418606162071228,0.40497446060180664,0.5486419796943665,0.507796049118042,0.3333333432674408,107.62374,1378158923339
0.41816073656082153,0.4119892418384552,0.5486419796943665,0.5483425855636597,0.3333333432674408,108.092896,1378158923813
0.41816073656082153,0.4119892418384552,0.5486419796943665,0.5483425855636597,0.3333333432674408,108.12417,1378158923839
0.4181191921234131,0.4361477792263031,0.5486419796943665,0.5542835593223572,0.3333333432674408,108.59332,1378158924312
0.4181191921234131,0.4361477792263031,0.5486419796943665,0.5542835593223572,0.3333333432674408,108.6246,1378158924339
0.4178042411804199,0.4199869930744171,0.5486419796943665,0.5986149907112122,0.3333333432674408,109.09375,1378158924813
0.4178042411804199,0.4199869930744171,0.5486419796943665,0.5986149907112122,0.3333333432674408,109.12503,1378158924840
0.41721683740615845,0.40372931957244873,0.5486419796943665,0.5990451574325562,0.3333333432674408,109.594185,1378158925313
0.41721683740615845,0.40372931957244873,0.5486419796943665,0.5990451574325562,0.3333333432674408,109.62546,1378158925345
0.4164842367172241,0.39473143219947815,0.5486419796943665,0.5743237733840942,0.3333333432674408,110.09461,1378158925813
0.4164842367172241,0.39473143219947815,0.5486419796943665,0.5743237733840942,0.3333333432674408,110.12589,1378158925842
0.4152240753173828,0.3625081181526184,0.5486419796943665,0.5413556098937988,0.3333333432674408,110.59504,1378158926314
0.4152240753173828,0.3625081181526184,0.5486419796943665,0.5413556098937988,0.3333333432674408,110.62632,1378158926342
0.4136883318424225,0.3450949192047119,0.5486419796943665,0.5121989250183105,0.3333333432674408,111.111115,1378158926829
0.4136883318424225,0.3450949192047119,0.5486419796943665,0.5121989250183105,0.3333333432674408,111.14239,1378158926858
0.411573588848114,0.30953526496887207,0.5486419796943665,0.49014943838119507,0.3333333432674408,111.61154,1378158927328
0.411573588848114,0.30953526496887207,0.5486419796943665,0.49014943838119507,0.3333333432674408,111.64282,1378158927359
0.40991830825805664,0.3362464904785156,0.5486419796943665,0.4673064053058624,0.3333333432674408,112.11197,1378158927829
0.40991830825805664,0.3362464904785156,0.5486419796943665,0.4673064053058624,0.3333333432674408,112.14325,1378158927858
0.40891802310943604,0.374667763710022,0.5486419796943665,0.44946497678756714,0.3333333432674408,112.612404,1378158928329
0.40891802310943604,0.374667763710022,0.5486419796943665,0.44946497678756714,0.3333333432674408,112.64368,1378158928359
0.40875303745269775,0.4242616593837738,0.5486419796943665,0.43791550397872925,0.3333333432674408,113.11283,1378158928832
0.40875303745269775,0.4242616593837738,0.5486419796943665,0.43791550397872925,0.3333333432674408,113.14411,1378158928860
0.408535361289978,0.4208822548389435,0.5486419796943665,0.45128220319747925,0.3333333432674408,113.61326,1378158929330
0.408535361289978,0.4208822548389435,0.5486419796943665,0.45128220319747925,0.3333333432674408,113.64454,1378158929360
0.40782687067985535,0.3911532163619995,0.5486419796943665,0.4753832519054413,0.3333333432674408,114.11369,1378158929833
0.40782687067985535,0.3911532163619995,0.5486419796943665,0.4753832519054413,0.3333333432674408,114.144966,1378158929860
0.407112717628479,0.39043307304382324,0.5486419796943665,0.5174046754837036,0.3333333432674408,114.61412,1378158930333
0.407112717628479,0.39043307304382324,0.5486419796943665,0.5174046754837036,0.3333333432674408,114.6454,1378158930362
0.4069366753101349,0.42197760939598083,0.5486419796943665,0.5647884607315063,0.3333333432674408,115.114555,1378158930833
0.4069366753101349,0.42197760939598083,0.5486419796943665,0.5647884607315063,0.3333333432674408,115.14583,1378158930862
0.4067712426185608,0.4219936728477478,0.5486419796943665,0.6090621948242188,0.3333333432674408,115.61498,1378158931334
0.4067712426185608,0.4219936728477478,0.5486419796943665,0.6090621948242188,0.3333333432674408,115.646255,1378158931363
0.4067712426185608,0.4219936728477478,0.5486419796943665,0.6090621948242188,0.3333333432674408,115.74009,1378158931456
0.4067712426185608,0.4219936728477478,0.5486419796943665,0.6090621948242188,0.3333333432674408,115.8652,1378158931582
0.4067712426185608,0.4219936728477478,0.5486419796943665,0.6090621948242188,0.3333333432674408,115.9903,1378158931707
0.4062393605709076,0.3988826870918274,0.5486419796943665,0.6282234191894531,0.3333333432674408,116.11541,1378158931834
0.4062393605709076,0.3988826870918274,0.5486419796943665,0.6282234191894531,0.3333333432674408,116.14669,1378158931862
0.4062955975532532,0.43254342675209045,0.5486419796943665,0.6340723633766174,0.3333333432674408,116.608025,1378158932326
0.4062955975532532,0.43254342675209045,0.5486419796943665,0.6340723633766174,0.3333333432674408,116.6393,1378158932356
0.40667617321014404,0.450967937707901,0.5486419796943665,0.6293242573738098,0.3333333432674408,117.10845,1378158932828
0.40667617321014404,0.450967937707901,0.5486419796943665,0.6293242573738098,0.3333333432674408,117.13973,1378158932855
0.4077191948890686,0.4897180497646332,0.5486419796943665,0.6521776914596558,0.3333333432674408,117.60889,1378158933328
0.4077191948890686,0.4897180497646332,0.5486419796943665,0.6521776914596558,0.3333333432674408,117.64016,1378158933356
0.40946412086486816,0.5310357213020325,0.5486419796943665,0.6830190420150757,0.3333333432674408,118.109314,1378158933828
0.40946412086486816,0.5310357213020325,0.5486419796943665,0.6830190420150757,0.3333333432674408,118.14059,1378158933856
0.41094836592674255,0.5148900151252747,0.5486419796943665,0.7112349271774292,0.3333333432674408,118.60974,1378158934330
0.41094836592674255,0.5148900151252747,0.5486419796943665,0.7112349271774292,0.3333333432674408,118.64102,1378158934356
0.41259196400642395,0.5237932801246643,0.5486419796943665,0.7372071146965027,0.3333333432674408,119.110176,1378158934829
0.41259196400642395,0.5237932801246643,0.5486419796943665,0.7372071146965027,0.3333333432674408,119.14145,1378158934856
0.41403675079345703,0.511272668838501,0.5486419796943665,0.7304882407188416,0.3333333432674408,119.6106,1378158935329
0.41403675079345703,0.511272668838501,0.5486419796943665,0.7304882407188416,0.3333333432674408,119.641884,1378158935358
0.4157891571521759,0.5284903049468994,0.5486419796943665,0.7273781895637512,0.3333333432674408,120.11103,1378158935830
0.4157891571521759,0.5284903049468994,0.5486419796943665,0.7273781895637512,0.3333333432674408,120.14231,1378158935858
0.4177374839782715,0.5392892956733704,0.5486419796943665,0.7090600728988647,0.3333333432674408,120.611465,1378158936330
0.4177374839782715,0.5392892956733704,0.5486419796943665,0.7090600728988647,0.3333333432674408,120.64274,1378158936357
0.41948428750038147,0.5263857841491699,0.5486419796943665,0.6816177368164062,0.3333333432674408,121.12753,1378158936846
0.41948428750038147,0.5263857841491699,0.5486419796943665,0.6816177368164062,0.3333333432674408,121.158806,1378158936875
0.42083266377449036,0.5017997026443481,0.5486419796943665,0.6571885347366333,0.3333333432674408,121.62796,1378158937346
0.42083266377449036,0.5017997026443481,0.5486419796943665,0.6571885347366333,0.3333333432674408,121.65924,1378158937376
0.4220901429653168,0.49556103348731995,0.5486419796943665,0.6234946846961975,0.3333333432674408,122.128395,1378158937855
0.4220901429653168,0.49556103348731995,0.5486419796943665,0.6234946846961975,0.3333333432674408,122.15967,1378158937876
0.42317357659339905,0.4840661287307739,0.5486419796943665,0.6042364239692688,0.3333333432674408,122.62882,1378158938349
0.42317357659339905,0.4840661287307739,0.5486419796943665,0.6042364239692688,0.3333333432674408,122.6601,1378158938378
0.4246211051940918,0.5048890113830566,0.5486419796943665,0.5936514735221863,0.3333333432674408,123.12925,1378158938848
0.4246211051940918,0.5048890113830566,0.5486419796943665,0.5936514735221863,0.3333333432674408,123.16053,1378158938877
0.42555660009384155,0.47317326068878174,0.5486419796943665,0.5832048654556274,0.3333333432674408,123.629684,1378158939351
0.42555660009384155,0.47317326068878174,0.5486419796943665,0.5832048654556274,0.3333333432674408,123.66096,1378158939378
0.42664819955825806,0.48134899139404297,0.5486419796943665,0.554915189743042,0.3333333432674408,124.13011,1378158939850
0.42664819955825806,0.48134899139404297,0.5486419796943665,0.554915189743042,0.3333333432674408,124.16139,1378158939878
0.4270417094230652,0.4388483762741089,0.5486419796943665,0.5306903719902039,0.3333333432674408,124.63054,1378158940352
0.4270417094230652,0.4388483762741089,0.5486419796943665,0.5306903719902039,0.3333333432674408,124.66182,1378158940380
0.42789426445961,0.46550264954566956,0.5486419796943665,0.49971210956573486,0.3333333432674408,125.130974,1378158940852
0.42789426445961,0.46550264954566956,0.5486419796943665,0.49971210956573486,0.3333333432674408,125.16225,1378158940879
0.4288712739944458,0.47230979800224304,0.5486419796943665,0.4792562425136566,0.3333333432674408,125.6314,1378158941352
0.4288712739944458,0.47230979800224304,0.5486419796943665,0.4792562425136566,0.3333333432674408,125.66268,1378158941380
0.4288712739944458,0.47230979800224304,0.5486419796943665,0.4792562425136566,0.3333333432674408,125.881615,1378158941598
0.4288712739944458,0.47230979800224304,0.5486419796943665,0.4792562425136566,0.3333333432674408,126.00672,1378158941724
0.4292008578777313,0.4328465461730957,0.5486419796943665,0.45770159363746643,0.3333333432674408,126.131836,1378158941852
0.4292008578777313,0.4328465461730957,0.5486419796943665,0.45770159363746643,0.3333333432674408,126.16311,1378158941879
0.4292008578777313,0.4328465461730957,0.5486419796943665,0.45770159363746643,0.3333333432674408,126.25694,1378158941974
0.4292008578777313,0.4328465461730957,0.5486419796943665,0.45770159363746643,0.3333333432674408,126.38205,1378158942098
0.4296809732913971,0.44099292159080505,0.5486419796943665,0.44949302077293396,0.3333333432674408,126.62444,1378158942351
0.4296809732913971,0.44099292159080505,0.5486419796943665,0.44949302077293396,0.3333333432674408,126.65572,1378158942373
0.4294274151325226,0.39631378650665283,0.5486419796943665,0.4502802789211273,0.3333333432674408,127.12487,1378158942845
0.4294274151325226,0.39631378650665283,0.5486419796943665,0.4502802789211273,0.3333333432674408,127.15615,1378158942872
0.4283904731273651,0.3483087420463562,0.5486419796943665,0.48436957597732544,0.3333333432674408,127.625305,1378158943345
0.4283904731273651,0.3483087420463562,0.5486419796943665,0.48436957597732544,0.3333333432674408,127.65658,1378158943373
0.4278413951396942,0.37653058767318726,0.5486419796943665,0.4976204037666321,0.3333333432674408,128.12573,1378158943845
0.4278413951396942,0.37653058767318726,0.5486419796943665,0.4976204037666321,0.3333333432674408,128.15701,1378158943873
0.42756861448287964,0.392333447933197,0.5486419796943665,0.5002440214157104,0.3333333432674408,128.62616,1378158944345
0.42756861448287964,0.392333447933197,0.5486419796943665,0.5002440214157104,0.3333333432674408,128.65744,1378158944374
0.4276762306690216,0.41433560848236084,0.5486419796943665,0.5244421362876892,0.3333333432674408,129.12659,1378158944847
0.4276762306690216,0.41433560848236084,0.5486419796943665,0.5244421362876892,0.3333333432674408,129.15787,1378158944874
0.42855390906333923,0.4601357877254486,0.5486419796943665,0.5186232328414917,0.3333333432674408,129.62703,1378158945347
0.42855390906333923,0.4601357877254486,0.5486419796943665,0.5186232328414917,0.3333333432674408,129.6583,1378158945375
0.42920246720314026,0.4466826021671295,0.5486419796943665,0.5215068459510803,0.3333333432674408,130.12746,1378158945846
0.42920246720314026,0.4466826021671295,0.5486419796943665,0.5215068459510803,0.3333333432674408,130.15874,1378158945875
0.4292425513267517,0.410361111164093,0.5486419796943665,0.5135353207588196,0.3333333432674408,130.62788,1378158946349
0.4292425513267517,0.410361111164093,0.5486419796943665,0.5135353207588196,0.3333333432674408,130.65916,1378158946376
0.4299907982349396,0.45275115966796875,0.5486419796943665,0.511087954044342,0.3333333432674408,131.1205,1378158946840
0.4299907982349396,0.45275115966796875,0.5486419796943665,0.511087954044342,0.3333333432674408,131.15178,1378158946869
0.43062320351600647,0.4462212920188904,0.5486419796943665,0.5066936016082764,0.3333333432674408,131.62093,1378158947340
0.43062320351600647,0.4462212920188904,0.5486419796943665,0.5066936016082764,0.3333333432674408,131.6522,1378158947370
0.43065130710601807,0.4105690121650696,0.5486419796943665,0.4775293171405792,0.3333333432674408,132.12135,1378158947841
0.43065130710601807,0.4105690121650696,0.5486419796943665,0.4775293171405792,0.3333333432674408,132.15263,1378158947870
0.4306865334510803,0.411313533782959,0.5486419796943665,0.46953192353248596,0.3333333432674408,132.62178,1378158948342
0.4306865334510803,0.411313533782959,0.5486419796943665,0.46953192353248596,0.3333333432674408,132.65306,1378158948374
0.43074434995651245,0.4129123091697693,0.5486419796943665,0.47285646200180054,0.3333333432674408,133.12221,1378158948842
0.43074434995651245,0.4129123091697693,0.5486419796943665,0.47285646200180054,0.3333333432674408,133.15349,1378158948881
0.43078047037124634,0.41192907094955444,0.5486419796943665,0.49281421303749084,0.3333333432674408,133.62265,1378158949343
0.43078047037124634,0.41192907094955444,0.5486419796943665,0.49281421303749084,0.3333333432674408,133.65392,1378158949372
0.4304502010345459,0.39001429080963135,0.5486419796943665,0.554335355758667,0.3333333432674408,134.12308,1378158949842
0.4304502010345459,0.39001429080963135,0.5486419796943665,0.554335355758667,0.3333333432674408,134.15436,1378158949871
0.4297906458377838,0.37033241987228394,0.5486419796943665,0.5692323446273804,0.3333333432674408,134.6235,1378158950346
0.4297906458377838,0.37033241987228394,0.5486419796943665,0.5692323446273804,0.3333333432674408,134.65479,1378158950371
0.4290054440498352,0.36267608404159546,0.5486419796943665,0.5794919729232788,0.3333333432674408,135.12393,1378158950845
0.4290054440498352,0.36267608404159546,0.5486419796943665,0.5794919729232788,0.3333333432674408,135.15521,1378158950873
0.4284130334854126,0.37415826320648193,0.5486419796943665,0.5765275359153748,0.3333333432674408,135.62436,1378158951345
0.4284130334854126,0.37415826320648193,0.5486419796943665,0.5765275359153748,0.3333333432674408,135.65564,1378158951374
0.42736899852752686,0.34719929099082947,0.5486419796943665,0.5683950185775757,0.3333333432674408,136.1248,1378158951845
0.42736899852752686,0.34719929099082947,0.5486419796943665,0.5683950185775757,0.3333333432674408,136.15607,1378158951873
0.4264301061630249,0.35340288281440735,0.5486419796943665,0.5638653039932251,0.3333333432674408,136.62523,1378158952349
0.4264301061630249,0.35340288281440735,0.5486419796943665,0.5638653039932251,0.3333333432674408,136.65651,1378158952373
0.42486846446990967,0.31610679626464844,0.5486419796943665,0.5551204085350037,0.3333333432674408,137.12566,1378158952846
0.42486846446990967,0.31610679626464844,0.5486419796943665,0.5551204085350037,0.3333333432674408,137.15694,1378158952873
0.42369747161865234,0.3391335606575012,0.5486419796943665,0.5338973999023438,0.3333333432674408,137.62608,1378158953344
0.42369747161865234,0.3391335606575012,0.5486419796943665,0.5338973999023438,0.3333333432674408,137.65736,1378158953374
0.42240414023399353,0.33145761489868164,0.5486419796943665,0.532974898815155,0.3333333432674408,138.12651,1378158953845
0.42240414023399353,0.33145761489868164,0.5486419796943665,0.532974898815155,0.3333333432674408,138.15779,1378158953875
0.42059066891670227,0.2998981773853302,0.5486419796943665,0.5481330156326294,0.3333333432674408,138.62695,1378158954346
0.42059066891670227,0.2998981773853302,0.5486419796943665,0.5481330156326294,0.3333333432674408,138.65822,1378158954374
0.4183848202228546,0.2756446897983551,0.5486419796943665,0.570996105670929,0.3333333432674408,139.12738,1378158954848
0.4183848202228546,0.2756446897983551,0.5486419796943665,0.570996105670929,0.3333333432674408,139.15865,1378158954876
0.4166097640991211,0.30065134167671204,0.5486419796943665,0.6035429835319519,0.3333333432674408,139.6278,1378158955349
0.4166097640991211,0.30065134167671204,0.5486419796943665,0.6035429835319519,0.3333333432674408,139.65909,1378158955377
0.41643646359443665,0.39647114276885986,0.5486419796943665,0.5915599465370178,0.3333333432674408,140.12823,1378158955849
0.41643646359443665,0.39647114276885986,0.5486419796943665,0.5915599465370178,0.3333333432674408,140.15952,1378158955878
0.416423499584198,0.40683579444885254,0.5486419796943665,0.5628511905670166,0.3333333432674408,140.62866,1378158956350
0.416423499584198,0.40683579444885254,0.5486419796943665,0.5628511905670166,0.3333333432674408,140.65994,1378158956378
0.4168519079685211,0.43408122658729553,0.5486419796943665,0.5155166387557983,0.3333333432674408,141.12909,1378158956850
0.4168519079685211,0.43408122658729553,0.5486419796943665,0.5155166387557983,0.3333333432674408,141.16037,1378158956881
0.4168131649494171,0.4072282314300537,0.5486419796943665,0.475056916475296,0.3333333432674408,141.62953,1378158957351
0.4168131649494171,0.4072282314300537,0.5486419796943665,0.475056916475296,0.3333333432674408,141.6608,1378158957378
0.4162285029888153,0.3753572404384613,0.5486419796943665,0.4393022954463959,0.3333333432674408,142.13777,1378158957867
0.4162285029888153,0.3753572404384613,0.5486419796943665,0.4393022954463959,0.3333333432674408,142.16905,1378158957888
0.41610953211784363,0.40335533022880554,0.5486419796943665,0.40190204977989197,0.3333333432674408,142.6382,1378158958357
0.41610953211784363,0.40335533022880554,0.5486419796943665,0.40190204977989197,0.3333333432674408,142.66948,1378158958388
0.4153675436973572,0.3659515678882599,0.5486419796943665,0.37095826864242554,0.3333333432674408,143.13864,1378158958859
0.4153675436973572,0.3659515678882599,0.5486419796943665,0.37095826864242554,0.3333333432674408,143.1699,1378158958888
0.41466519236564636,0.3680792450904846,0.5486419796943665,0.3820698857307434,0.3333333432674408,143.63907,1378158959360
0.41466519236564636,0.3680792450904846,0.5486419796943665,0.3820698857307434,0.3333333432674408,143.67035,1378158959389
0.41466519236564636,0.3680792450904846,0.5486419796943665,0.3820698857307434,0.3333333432674408,143.76418,1378158959482
0.41466519236564636,0.3680792450904846,0.5486419796943665,0.3820698857307434,0.3333333432674408,143.88928,1378158959607
0.41466519236564636,0.3680792450904846,0.5486419796943665,0.3820698857307434,0.3333333432674408,144.01439,1378158959732
0.414302796125412,0.38804492354393005,0.5486419796943665,0.3952995538711548,0.3333333432674408,144.1395,1378158959860
0.414302796125412,0.38804492354393005,0.5486419796943665,0.3952995538711548,0.3333333432674408,144.17078,1378158959888
0.41450607776641846,0.4216959476470947,0.5486419796943665,0.42087090015411377,0.3333333432674408,144.63992,1378158960361
0.41450607776641846,0.4216959476470947,0.5486419796943665,0.42087090015411377,0.3333333432674408,144.6712,1378158960389
0.41428545117378235,0.3966330885887146,0.5486419796943665,0.4350949823856354,0.3333333432674408,145.14035,1378158960861
0.41428545117378235,0.3966330885887146,0.5486419796943665,0.4350949823856354,0.3333333432674408,145.17163,1378158960889
0.4140855669975281,0.39801761507987976,0.5486419796943665,0.43625545501708984,0.3333333432674408,145.6408,1378158961362
0.4140855669975281,0.39801761507987976,0.5486419796943665,0.43625545501708984,0.3333333432674408,145.67206,1378158961391
0.41426196694374084,0.420934796333313,0.5486419796943665,0.42628785967826843,0.3333333432674408,146.14122,1378158961863
0.41426196694374084,0.420934796333313,0.5486419796943665,0.42628785967826843,0.3333333432674408,146.17249,1378158961890
0.4147927165031433,0.4428249001502991,0.5486419796943665,0.381510466337204,0.3333333432674408,146.64165,1378158962361
0.4147927165031433,0.4428249001502991,0.5486419796943665,0.381510466337204,0.3333333432674408,146.67293,1378158962392
0.41488295793533325,0.417399525642395,0.5486419796943665,0.3821586072444916,0.3333333432674408,147.14207,1378158962863
0.41488295793533325,0.417399525642395,0.5486419796943665,0.3821586072444916,0.3333333432674408,147.17336,1378158962896
0.4142190217971802,0.3732353746891022,0.5486419796943665,0.38443535566329956,0.3333333432674408,147.6425,1378158963364
0.4142190217971802,0.3732353746891022,0.5486419796943665,0.38443535566329956,0.3333333432674408,147.67378,1378158963392
0.4142841696739197,0.41740840673446655,0.5486419796943665,0.3750426769256592,0.3333333432674408,148.14293,1378158963864
0.4142841696739197,0.41740840673446655,0.5486419796943665,0.3750426769256592,0.3333333432674408,148.17421,1378158963893
0.41396594047546387,0.39502769708633423,0.5486419796943665,0.37053197622299194,0.3333333432674408,148.64337,1378158964365
0.41396594047546387,0.39502769708633423,0.5486419796943665,0.37053197622299194,0.3333333432674408,148.67464,1378158964393
0.4128870666027069,0.3497171998023987,0.5486419796943665,0.359140545129776,0.3333333432674408,149.1438,1378158964866
0.4128870666027069,0.3497171998023987,0.5486419796943665,0.359140545129776,0.3333333432674408,149.17508,1378158964896
0.4116399884223938,0.3390646278858185,0.5486419796943665,0.3659871816635132,0.3333333432674408,149.64423,1378158965366
0.4116399884223938,0.3390646278858185,0.5486419796943665,0.3659871816635132,0.3333333432674408,149.6755,1378158965393
0.41096362471580505,0.3726738393306732,0.5486419796943665,0.42329102754592896,0.3333333432674408,150.14465,1378158965866
0.41096362471580505,0.3726738393306732,0.5486419796943665,0.42329102754592896,0.3333333432674408,150.17593,1378158965894
0.41029661893844604,0.3729523718357086,0.5486419796943665,0.4760901629924774,0.3333333432674408,150.64508,1378158966365
0.41029661893844604,0.3729523718357086,0.5486419796943665,0.4760901629924774,0.3333333432674408,150.67636,1378158966393
0.40919196605682373,0.34660807251930237,0.5486419796943665,0.49213120341300964,0.3333333432674408,151.14552,1378158966867
0.40919196605682373,0.34660807251930237,0.5486419796943665,0.49213120341300964,0.3333333432674408,151.17679,1378158966894
0.40823325514793396,0.355131059885025,0.5486419796943665,0.47521525621414185,0.3333333432674408,151.64595,1378158967366
0.40823325514793396,0.355131059885025,0.5486419796943665,0.47521525621414185,0.3333333432674408,151.67723,1378158967395
0.4080672264099121,0.4023181200027466,0.5486419796943665,0.45392584800720215,0.3333333432674408,152.14638,1378158967866
0.4080672264099121,0.4023181200027466,0.5486419796943665,0.45392584800720215,0.3333333432674408,152.17766,1378158967896
0.4081892967224121,0.41969507932662964,0.5486419796943665,0.45084840059280396,0.3333333432674408,152.63899,1378158968360
0.4081892967224121,0.41969507932662964,0.5486419796943665,0.45084840059280396,0.3333333432674408,152.67026,1378158968388
0.4081892967224121,0.41969507932662964,0.5486419796943665,0.45084840059280396,0.3333333432674408,152.7641,1378158968483
0.4081892967224121,0.41969507932662964,0.5486419796943665,0.45084840059280396,0.3333333432674408,152.8892,1378158968607
0.4090826213359833,0.46626725792884827,0.5486419796943665,0.4519515037536621,0.3333333432674408,153.13942,1378158968861
0.4090826213359833,0.46626725792884827,0.5486419796943665,0.4519515037536621,0.3333333432674408,153.1707,1378158968888
0.4101686477661133,0.47827133536338806,0.5486419796943665,0.4513315260410309,0.3333333432674408,153.63985,1378158969360
0.4101686477661133,0.47827133536338806,0.5486419796943665,0.4513315260410309,0.3333333432674408,153.67113,1378158969389
0.41124778985977173,0.4784666895866394,0.5486419796943665,0.46036940813064575,0.3333333432674408,154.14027,1378158969861
0.41124778985977173,0.4784666895866394,0.5486419796943665,0.46036940813064575,0.3333333432674408,154.17155,1378158969891
0.41165366768836975,0.43862298130989075,0.5486419796943665,0.4642926752567291,0.3333333432674408,154.6407,1378158970362
0.41165366768836975,0.43862298130989075,0.5486419796943665,0.4642926752567291,0.3333333432674408,154.67198,1378158970391
0.4120717942714691,0.43919962644577026,0.5486419796943665,0.47496742010116577,0.3333333432674408,155.14114,1378158970862
0.4120717942714691,0.43919962644577026,0.5486419796943665,0.47496742010116577,0.3333333432674408,155.17241,1378158970892
0.4124789535999298,0.4382874071598053,0.5486419796943665,0.49434003233909607,0.3333333432674408,155.64157,1378158971363
0.4124789535999298,0.4382874071598053,0.5486419796943665,0.49434003233909607,0.3333333432674408,155.67285,1378158971391
0.41265368461608887,0.4241005778312683,0.5486419796943665,0.5078697204589844,0.3333333432674408,156.142,1378158971861
0.41265368461608887,0.4241005778312683,0.5486419796943665,0.5078697204589844,0.3333333432674408,156.17328,1378158971893
0.41230443120002747,0.392418771982193,0.5486419796943665,0.5138490200042725,0.3333333432674408,156.64243,1378158972364
0.41230443120002747,0.392418771982193,0.5486419796943665,0.5138490200042725,0.3333333432674408,156.6737,1378158972394
0.41148343682289124,0.3637886047363281,0.5486419796943665,0.5084455013275146,0.3333333432674408,157.14285,1378158972865
0.41148343682289124,0.3637886047363281,0.5486419796943665,0.5084455013275146,0.3333333432674408,157.17413,1378158972894
0.4107869863510132,0.37073537707328796,0.5486419796943665,0.49383261799812317,0.3333333432674408,157.6433,1378158973366
0.4107869863510132,0.37073537707328796,0.5486419796943665,0.49383261799812317,0.3333333432674408,157.67456,1378158973394
0.4097220003604889,0.34828895330429077,0.5486419796943665,0.45886683464050293,0.3333333432674408,158.14372,1378158973865
0.4097220003604889,0.34828895330429077,0.5486419796943665,0.45886683464050293,0.3333333432674408,158.17499,1378158973894
0.4089280664920807,0.36399468779563904,0.5486419796943665,0.437406063079834,0.3333333432674408,158.64415,1378158974367
0.4089280664920807,0.36399468779563904,0.5486419796943665,0.437406063079834,0.3333333432674408,158.67543,1378158974394
0.4074857532978058,0.324910968542099,0.5486419796943665,0.4702669084072113,0.3333333432674408,159.14458,1378158974865
0.4074857532978058,0.324910968542099,0.5486419796943665,0.4702669084072113,0.3333333432674408,159.17586,1378158974895
0.4074857532978058,0.324910968542099,0.5486419796943665,0.4702669084072113,0.3333333432674408,159.26968,1378158974988
0.4074857532978058,0.324910968542099,0.5486419796943665,0.4702669084072113,0.3333333432674408,159.39479,1378158975113
0.4074857532978058,0.324910968542099,0.5486419796943665,0.4702669084072113,0.3333333432674408,159.5199,1378158975239
0.4070260524749756,0.3835904002189636,0.5486419796943665,0.5793512463569641,0.3333333432674408,159.645,1378158975369
0.4070260524749756,0.3835904002189636,0.5486419796943665,0.5793512463569641,0.3333333432674408,159.67628,1378158975395
0.4070260524749756,0.3835904002189636,0.5486419796943665,0.5793512463569641,0.3333333432674408,159.77011,1378158975489
0.4070260524749756,0.3835904002189636,0.5486419796943665,0.5793512463569641,0.3333333432674408,159.89522,1378158975615
0.4070260524749756,0.3835904002189636,0.5486419796943665,0.5793512463569641,0.3333333432674408,160.02032,1378158975740
0.40652787685394287,0.3814786672592163,0.5486419796943665,0.7056025862693787,0.3333333432674408,160.14543,1378158975867
0.40652787685394287,0.3814786672592163,0.5486419796943665,0.7056025862693787,0.3333333432674408,160.17671,1378158975896
0.40652787685394287,0.3814786672592163,0.5486419796943665,0.7056025862693787,0.3333333432674408,160.27054,1378158975990
0.40652787685394287,0.3814786672592163,0.5486419796943665,0.7056025862693787,0.3333333432674408,160.39566,1378158976115
0.40652787685394287,0.3814786672592163,0.5486419796943665,0.7056025862693787,0.3333333432674408,160.52077,1378158976239
0.4057052433490753,0.3622087240219116,0.5486419796943665,0.8447407484054565,0.3333333432674408,160.64587,1378158976368
0.4057052433490753,0.3622087240219116,0.5486419796943665,0.8447407484054565,0.3333333432674408,160.67714,1378158976396
0.4057052433490753,0.3622087240219116,0.5486419796943665,0.8447407484054565,0.3333333432674408,160.77098,1378158976491
0.4057052433490753,0.3622087240219116,0.5486419796943665,0.8447407484054565,0.3333333432674408,160.89609,1378158976616
0.4057052433490753,0.3622087240219116,0.5486419796943665,0.8447407484054565,0.3333333432674408,161.0212,1378158976740
0.40498286485671997,0.3684401214122772,0.5486419796943665,0.8707031607627869,0.3333333432674408,161.1463,1378158976868
0.40498286485671997,0.3684401214122772,0.5486419796943665,0.8707031607627869,0.3333333432674408,161.17758,1378158976896
0.403903067111969,0.34743532538414,0.5486419796943665,0.8440080285072327,0.3333333432674408,161.64673,1378158977368
0.403903067111969,0.34743532538414,0.5486419796943665,0.8440080285072327,0.3333333432674408,161.67801,1378158977403
0.4033435583114624,0.37876930832862854,0.5486419796943665,0.8162904977798462,0.3333333432674408,162.14716,1378158977869
0.4033435583114624,0.37876930832862854,0.5486419796943665,0.8162904977798462,0.3333333432674408,162.17844,1378158977897
0.4026540219783783,0.37114229798316956,0.5486419796943665,0.7825713753700256,0.3333333432674408,162.66322,1378158978385
0.4026540219783783,0.37114229798316956,0.5486419796943665,0.7825713753700256,0.3333333432674408,162.6945,1378158978414
0.4019918143749237,0.37251558899879456,0.5486419796943665,0.7449090480804443,0.3333333432674408,163.16365,1378158978885
0.4019918143749237,0.37251558899879456,0.5486419796943665,0.7449090480804443,0.3333333432674408,163.19493,1378158978915
0.40107664465904236,0.35685640573501587,0.5486419796943665,0.7075742483139038,0.3333333432674408,163.6641,1378158979387
0.40107664465904236,0.35685640573501587,0.5486419796943665,0.7075742483139038,0.3333333432674408,163.69536,1378158979417
0.40107664465904236,0.35685640573501587,0.5486419796943665,0.7075742483139038,0.3333333432674408,163.7892,1378158979508
0.40107664465904236,0.35685640573501587,0.5486419796943665,0.7075742483139038,0.3333333432674408,163.9143,1378158979634
0.40107664465904236,0.35685640573501587,0.5486419796943665,0.7075742483139038,0.3333333432674408,164.03941,1378158979759
0.40107664465904236,0.35685640573501587,0.5486419796943665,0.7075742483139038,0.3333333432674408,164.0707,1378158979790
0.40007516741752625,0.3508068323135376,0.5486419796943665,0.7617366313934326,0.3333333432674408,164.16452,1378158979886
0.40007516741752625,0.3508068323135376,0.5486419796943665,0.7617366313934326,0.3333333432674408,164.1958,1378158979916
0.40007516741752625,0.3508068323135376,0.5486419796943665,0.7617366313934326,0.3333333432674408,164.28963,1378158980008
0.40007516741752625,0.3508068323135376,0.5486419796943665,0.7617366313934326,0.3333333432674408,164.41473,1378158980134
0.40007516741752625,0.3508068323135376,0.5486419796943665,0.7617366313934326,0.3333333432674408,164.53984,1378158980260
0.3986743986606598,0.3261178135871887,0.5486419796943665,0.8270947933197021,0.3333333432674408,164.66495,1378158980389
0.3986743986606598,0.3261178135871887,0.5486419796943665,0.8270947933197021,0.3333333432674408,164.69623,1378158980415
0.3986743986606598,0.3261178135871887,0.5486419796943665,0.8270947933197021,0.3333333432674408,164.8057,1378158980532
0.39787721633911133,0.36118054389953613,0.5486419796943665,0.8836652040481567,0.3333333432674408,165.14973,1378158980872
0.39787721633911133,0.36118054389953613,0.5486419796943665,0.8836652040481567,0.3333333432674408,165.18102,1378158980900
0.39728185534477234,0.3722240924835205,0.5486419796943665,0.9202221035957336,0.3333333432674408,165.65016,1378158981370
0.39728185534477234,0.3722240924835205,0.5486419796943665,0.9202221035957336,0.3333333432674408,165.68144,1378158981401
0.39728185534477234,0.3722240924835205,0.5486419796943665,0.9202221035957336,0.3333333432674408,165.77528,1378158981494
0.39728185534477234,0.3722240924835205,0.5486419796943665,0.9202221035957336,0.3333333432674408,165.90039,1378158981619
0.39728185534477234,0.3722240924835205,0.5486419796943665,0.9202221035957336,0.3333333432674408,166.0255,1378158981745
0.39872828125953674,0.4936333894729614,0.5486419796943665,0.8850877285003662,0.3333333432674408,166.1506,1378158981873
0.39872828125953674,0.4936333894729614,0.5486419796943665,0.8850877285003662,0.3333333432674408,166.18187,1378158981901
0.39872828125953674,0.4936333894729614,0.5486419796943665,0.8850877285003662,0.3333333432674408,166.27571,1378158981997
0.40020737051963806,0.49550163745880127,0.5486419796943665,0.9024410247802734,0.3333333432674408,166.65103,1378158982372
0.40020737051963806,0.49550163745880127,0.5486419796943665,0.9024410247802734,0.3333333432674408,166.68231,1378158982401
0.4016401171684265,0.4930163621902466,0.5486419796943665,0.9017072916030884,0.3333333432674408,167.15146,1378158982874
0.4016401171684265,0.4930163621902466,0.5486419796943665,0.9017072916030884,0.3333333432674408,167.18274,1378158982901
0.40228262543678284,0.4459597170352936,0.5486419796943665,0.9040212035179138,0.3333333432674408,167.65189,1378158983374
0.40228262543678284,0.4459597170352936,0.5486419796943665,0.9040212035179138,0.3333333432674408,167.68317,1378158983402
0.4029052257537842,0.44510823488235474,0.5486419796943665,0.9223102927207947,0.3333333432674408,168.15231,1378158983875
0.4029052257537842,0.44510823488235474,0.5486419796943665,0.9223102927207947,0.3333333432674408,168.1836,1378158983902
0.40293100476264954,0.4095805883407593,0.5486419796943665,0.9208707809448242,0.3333333432674408,168.65276,1378158984373
0.40293100476264954,0.4095805883407593,0.5486419796943665,0.9208707809448242,0.3333333432674408,168.68402,1378158984403
0.4030584990978241,0.4154520332813263,0.5486419796943665,0.9491595029830933,0.3333333432674408,169.15318,1378158984875
0.4030584990978241,0.4154520332813263,0.5486419796943665,0.9491595029830933,0.3333333432674408,169.18446,1378158984903
0.4030584990978241,0.4154520332813263,0.5486419796943665,0.9491595029830933,0.3333333432674408,169.27829,1378158984997
0.4030584990978241,0.4154520332813263,0.5486419796943665,0.9491595029830933,0.3333333432674408,169.4034,1378158985123
0.4030584990978241,0.4154520332813263,0.5486419796943665,0.9491595029830933,0.3333333432674408,169.5285,1378158985247
0.40350332856178284,0.4344604015350342,0.5486419796943665,0.9559875726699829,0.3333333432674408,169.65361,1378158985376
0.40350332856178284,0.4344604015350342,0.5486419796943665,0.9559875726699829,0.3333333432674408,169.68489,1378158985403
